username,id
john.cena10,6854235943953449989
robertdowneyjnrofficial,6885987756834178050
shaq,14388294
lazarbeam,6631468310313943045
mrbeast,6614519312189947909
legend_sylvesterstallone,6810463035695956998
kyliejenner,6654362767867265030
wildnout,6660131576234524678
netflix,153261143199891456
kevinjamesofficial,6779374521625199622
guavajuice,6668457160542257157
ridiculousness,236646000667353088
jackblack,6781939622308037638
chandlerhallow,6558475384039342086
markvindieselx2,6671919881561440262
dudeperfect,6716495811822224389
bluefacebleedem,6725461905366369286
vindieselbrasileiro,6808277971889243141
idriselba,6789397472962003974
wwe,24335671
jimmyfallon,6600793442431123462
ellendegeneres,6547789505271698447
6ix9ine,6521775276454581263
dwayne_johnson_fan_2020,6866744128114738181
danbilzerian,6820480098354365445
zhcyt,6614659970674130949
loganpaul,8242795
lizzza,936655
zachking,68616495085350913
iamcardib,313520613518753792
rihanna,6621955904844021765
dojacat,6656913964248088581
juicewrld999,6752973891285877766
theestallion,6748929703376536581
selenagomez,97614653324771328
britneyspears,120706839175909376
dovecameron,6693111971427156998
brunomars,159398380291555328
madisonbeer,20921174
marshmellomusic,142565009246584832
katyperry,131256363632148480
billnye,6801582887495599110
snoopdogg,6644633379692199942
iambeckyg,139911303976050688
eminemtoktik,6811587570910020614
camilacabello,153416220371775488
lizzo,84635664075374592
steveharvey,6653097460997521414
jasonderulo,21609287
dameliofamilyefan,6871307735531668482
charli.xqueenx.hi,6811504828603925509
boonanaxdddd,6804168827913470981
elliezeiler,6660600058511802374
sommerray,6686616047858844678
dixiedamelio1356,6868534979464381441
nessaabarrett,14313267
addi_and_charli_offical,6702064709178360838
charlyjordan,4140637
chars...alien,6817513557849555974
nikitadragun,118910952565104640
hispanic...sunkins,6783837797814289413
tessabrooks,29267319
abbyspamstuff,6767087578774176773
imgriffinjohnson,6634288900787781638
alexwarrenclips,6821374233723552774
charscutepie,6809276621242106886
dudewhoscynthiaparker,6674324312101864454
montyjlopez,6713720820524516358
chantellepaige,20251830
siennamaegomezz,6621243876975280133
thelopezboys,6802272861022553093
sofiedossi,191013848190197760
emmachamberlain,6529727821143610383
addison_re_3,6816767493627118598
sexyygammer,6704788161032520709
zootedjosh,6638297187447324677
miahayward,6636850557980852230
rileyhubatka,1105319
itsblakexgray,3301075
theswayla,6778633468920693765
jordynjones,3775040
malutrevejo,7239462
emmanortss,6753398144526173189
harryjowsey,6617414304110018565
kristenhancher,6126024
spencerx,6524904798586672143
justmaiko,3777553
preston,6698503821624640518
rosssmith,214731492466229248
collinskey,6933211
rudymancuso,7532472
infinite,6665099923166167046
kingbach,7012350
realcartersharer,6600457755625848838
brentrivera,7445731
dangmattsmith,90057910273097728
nathandavisjrndj,11949295
kwebbelkop,6755022553784370181
theshluvfamily,6799312637848273925
jamescharles,190068318278651904
skaijackson,6721266433018299398
noahbeck,6775033566016963589
thehypehouse,6751051329931609094
colleen,78833521334575104
datrie,94465906503790592
beasteater,223269
kirakosarin,21210630
brooklynandbailey,62844455736623105
sarahmagusara,3699061
kendallvertes,18866212
marcdamelio,6705734734964245510
joshrichards,5531650
tonylopez,6665446095621619718
tiktokcreators,6551237489917432832
willywonkatiktok,6819512265776923654
gucci,6719449141610857478
dunkin,6516670705784869903
inquisitormaster,180563369400291328
tiktoktips,6598209972340146181
nickelodeon,224687357474627584
mirandasings,66909795361820672
leahashe,6628376008490614790
noahschnapp,6760334624821707782
tiktokbrasil,52372265832546304
walmart,6706127111231783942
dior,6760288985854051334
nickandsienna,6616355552605863941
realjordanmatter,6706068281616270341
thomassanders,14051620
nadeemmubarakofficial,6620167421352542213
siddharthnigam13,217438856948789249
sameeksha_sud,186322739753021440
phoolllu,6586854464862502918
deepakjoshi.102,6655547374281293829
surabhisamriddhi,6596207020624609286
riyaz.official37,6778084778542793734
jazzahmed_,238311433229422592
sunnychopra,21687279
ch.zulqarnain25,246426656142209024
tusharsilawat,253919698764103680
surajpalsingh964,6532508866058392591
surbhiirathore3,216666428270366720
mr_malikofficial,266556031286239232
beingshadabkhan,258091617767706624
sohail_d,6546046666602976256
usmanasim66,6568872572489973765
oye_indori,6638563569427005445
karan_saroha,221294903153188864
bhalurapper8,6560716248895045637
spenceerx1,6714913697372931077
lexibrookerivera,26880250
jonklaasen,98577856007376896
munchie.michelle,6761249421452854278
benazelart,6770111
pierson,6684023269617665030
themarshmellofamily,6588806745102647302
stokestwins,6616242003971768325
laurengodwin,1645545
lexihensler,6682089679942583302
justmaikofanpage26,6852424142492451846
kingkidjoshua,6609898869554135045
spencerxx.0,6743524140517622789
jasminetxo,13651678
justicemaiko,6843845822380770309
justumaiko1oficial,6785977500335293445
junya1gou,6507509552522313730
jakepaul,8134450
doctorsango,6627030203925610502
elfandejustmaiko,6832705839606842374
qpark,106241438295736320
marcusolin,5244105
spencerx_111,6649365746202918917
savv.labrant,13364177
siennamae,6813630187164533765
annacathcart_,6561114262021537797
larrayeeee,8757225
asherangel,142445717398163456
gabbymorr,291051167642607616
mackzmusic,6648306272431931397
brucew007,6809295428392256517
tmz,6653020166035095558
latelateshow,6794875144873149445
neymarjr,6764639228678800389
traceeellisross,6649558294204841989
giannis_an34,6789054862825260038
trevornoah,6741225542564430853
ciara,6673514646345581574
noahdixie,6781084227121218566
zoelaverne,6177718
jimena.jimenezr,6532022572630933506
noah.beck_gf,6856730758803915781
chinamcclain,6575205638341853194
emiliomartinez,6688397748901430278
domelipa,131039763028930560
cynthiaparkerrrr,25113176
samuellopez_,6660525108950138886
elrodcontreras,81360503117144064
piersonwodzynsk,6870954546375951366
brent_rivera45,6629590150803177477
..brierson,6863677344122651654
dobretwins,8133246
notdombrack,6810846195993871366
briantrrivera,6867955498596303877
andrewdavila16,6873781999405728774
devankey,7028838
rybkatwinsofficial,115415027058098176
kingali,6751023217756734470
uhjeremy,6681289945417647110
addisonre,6703550784929793030
whosjustmaiko,6887389928369832966
daviddobrik,7119601
oneya_,6864320287262540806
deestroying,6688872114580063238
jannat_zubair29,119920091445530625
areeka__haq,287318696102883328
jannatmirza,107738953830584320
arishafakhan007,6671832394939645957
khushi.punjaban,6577690132961427462
nagmaa,29272695
faizbaloch_0725,6515008863261955087
sanakhan.21,6579424105915777029
salonimittalofficial,6629319721177481222
angelrai07,6585104611370565638
nita_shilimkar,6568318460802908166
luckydancer5454,158899395772493824
piyanka_mongia,6594843893735555078
sehar_hayyat,303410203650113536
deepikapilli,212768845168865280
kanishkatalenthub9,6560013964075745286
nishabhattofficial,310429996739796992
garrettclayton91,6830496049325589509
the.shark.puppet,6596033538410872837
bennythebull,6627111108959404037
mr.brun0,6772023845290312710
willsmith,6727327145951183878
donaldducc,6633268078182694918
homm9k,6517183233778521103
jordan_fisher,110013998678368256
matthewinthekitchen,6692571715191014406
mmmjoemele,6656544744476524550
joshsadowski,6536973263354991631
babyariel,209793
_arishfakhan_,6626398183995097093
riyaz.14,238105215445516288
alishbahanjum,93441120747028480
dollyofficiall,6601532317411819525
gima_ashi,241908154807103488
anammidarbar,204308759106625536
shanayakhan3,124323833888616448
sanakhan301,259470416937832448
mr__faisu__o_07,6830431611453326337
bhavin_333,310122632711024640
kanchiisingh,6748128361879159810
nehakakkar,6562133799885488134
shirleysetia,126007794570362880
hira_khan_official,6534771765732709376
rits_badiani1,261982438736977920
shifuians_27,6516040147744592911
shakilaparvin,133011310027390976
realmaddiezieg,6802299750194643973
thesupercole,7630205
bhadbhabie,216126454181597184
posie.labrant13,6770753192533476357
lev_cameron,6590739463533330437
soph1efergi,6740300853284307973
theacefamily,6807863466101212165
paigeniemann,13685696
bradmondonyc,6614906078486970373
lelepons,12680137
lulpatchy,17817605
tasty,6622025199984590854
nataliaseth,6614951777466974213
daxnewman769,6718446146169127942
skincarebyhyram,6756108693149205510
wewearcute,99791842895912960
garyvee,17309235
eliottbrown,6638945429165326342
lipsyncbattle,6681259334071239686
lisaandlena,6804783597552239621
paigezilba,175791167094132736
english.heritage,6692702488413406213
jasoncoffee,7557684
javierr,6631401620847788037
markellwashington1,6704771379085329414
thereal_tati,6819036621419578373
nowthispolitics,6684256885279736838
bengirouxtv,227597664891408384
jamescharlns,6711773594403963909
yashitank,300298406827134976
gangstersllc,6560694580604310528
nitishandgroupfb,6519826835574887439
mujassimkhan91,6573457947115634689
its_khan_official1,6752853372522480645
dylons3,306844551879548928
mdeepkur87,6544574480755201039
ben_azelartp,6870915153878123525
mason_fulp,6532073363051937794
officialsalicerose,8107239
ttlyteala,60644056707395584
lianev,7452631
itssissysheridan,55870961136177152
mesciatwins,6554678611029267471
daisykeech,6725280328041399301
officialkaylynslevin,25552491
billlnai,6719335399431242757
rclbeauty101,6690627070252549125
brennie88,6742158654999086085
rrubee,221704934612811776
laurdiy,162899141189066752
gabby_murrayy,20372725
thenewclassic,6731934639114290182
tdobretwins,6847201254869042182
stinakayy,1551160
lit.dobre,6840239410094031878
dobretwins177,6885490201285592070
dobre.world21,6824329900087198725
_theroyalty_palace,6826978512227681285
bleula.frenchie,6871963917745652738
kingcyrusdobre,6853016976492233734
fazeclan,6751808886666560518
..lucita,6856848133390402565
lucasandmarcus14,6873073940421805062
sbabli925,6557645189480038405
harrisali_01,6574444192042369030
alishu_rajput,280151836236378112
barshabasnet1,152451717593358336
reshmaghimire,120210336539889664
mannukhadka29,6564978343182647302
barsharaut1,128682544849489920
xeet_ry_seeta.7,6722384108788417542
damantastha,311964954641866752
eleena_chauhan55,6577566896755851270
anjali_adhikari_official,6548345025439208463
aashma.bishwokarma,6593560598951690245
riyasha_dahal,280344395743305728
deepadamanta,6526487321544496128
deepa_belbase12,6563209012921614341
durgeshthapa78,6774787742619485185
iamaayushii,231549830513487872
ashaadhikari19,6600716938912104453
kanchan32,6529354829402215439
cskfansofficial,6752288113789879297
sonicarokaya,169939708280524800
anita_chhetri999,6581031075693204480
binod_bohara,6718588576936674309
kaya_bey27,6806369524049904645
therock,6745191554350760966
delimine,6582511557929615365
dina,166025683868180480
dixiedamelio,6539853526925841423
samer__elmedany,6563514451873120262
lilhuddy,1944858
kimitasofia,6780765741354566661
kimberlyloaizafan34,6857693603189294086
jd_pantojal,6821294919959135237
ralf,72566718555914240
naimdarrechi,60957957319831552
legnahernandez1,255176504408592384
.kunno,9255036
kimberlyloaiza.__,6860327515133035526
soyandreazuniiga,6797232355544499206
amadorat,92472068893474816
amarantavp_,6840900973003916294
kima_sofia_pantoja_loaiz,6815585402985661446
ladivaza,146191244589858816
edwinmendozza,12575945
fansdekimberli.loaiza.0,6807141282554348550
fandomdekimberlyyjuan,6869561329935336454
elo_os,6772439423164154886
ingratax,6535614087835948047
beepbopbepgirls,6823731440653435909
madihdj,6819650105223316486
petroutvclips,6819863356950709253
heididamelio,58201502112051200
just_addison_xd,6841074504648393733
devsvlogs,6809487684840588294
katie.pego,6639807875604791302
notacontenthouse,6852862973850059781
darianka,6809719082810082309
ehbeefamily,7120802
bellathorne,250150033956683776
kevingquinn,240022141667082240
k0uvr,6633267665186603013
kehlani,130899879387779072
zootedmadii,6814626228705100805
dukedepp,6823088845551649798
ameliezilber,26065995
lorengray,934514
notbrycehalll,6836812305902011398
maxdressler,6631304276051787782
dukemoose,6754562160212657157
notrosslynch,6532006489811337218
bradypotter,6639537028701650949
benjikrol,54086091175112704
alwuhu,6794433646947271685
tyga,6737419732012057606
king.science,6728594895558771717
thebackpackkid,6621644554494476294
nytonystark,6655709457752866822
meghanmccarthy,6550653
thereallightskinmonte,6774135452246262790
lilxxel,6712494215122650117
shilpa7799,6657166670556282886
laakshii,139546781457166336
afshanrooh,229031994200940544
teenachhetri,132913567472877568
faryal_fairyyy,6584370399634915333
hoormahaveera,197104343408447488
piyanka_mongia438,6799827749344314369
naazuk,288502808235028480
atiyakiyani1234,6685371643047904261
thelabrantofficial,6808948880434398214
labrantfamediting0,6862862387982681094
beyondfamily.yt,6726344444570878981
thesotyfam,6800451711368348678
thesiwafamily,6812372074251224069
anushkianss,6715306140257354757
manjullll,241662070209835008
manaal.xxx,6638484034656813062
laibakhanofficial,6631354378450698246
arshfam,144362883760496640
rabeecak,199684907273707520
thejackpayne,6559655556034183174
imaffaf,52198085828825088
jostasy,9529059
ashleynocera,234640647603769344
editondreaz,6779663714121909254
_.ondreazlopezfans,6851345035674813445
lopezbrothersfanfr,6835966048974423046
ondreazlopez_erda,6839668207139505158
lopeytony,6840111457976632325
keliannestankus,13457919
itspierreboo,6676444377277023237
erikacostell,85681309439684608
shamima_afrinomi,6589505432171233286
ali_khan110,6546521834295137295
ulhaskamathe,6572526410161111046
babajackson2020,6724254770875679749
_rohittt_09,6562909589652635654
ankit_dancer01,6581368439566663685
deepthi_sunainaa,163785060008054784
aashna3,8655420
amyaela,6605155217187602438
neetubisht,180450961470111745
ruhiisingh12,6747616874538386438
tanzeelkhan21,90253564303769600
nayanipavani,165906421358657536
rashikhairwar,216302200925556736
moniyadv,250974639802425344
guccipomeranian,6653848696344231942
hollyandhazelnut,6609054148360077318
anhkute1997,6810002127421146113
turboroo,25208973
dennythepug,6678385758536188934
theoreocat,78708550151122944
cutiecattyy,6866473438664754181
petpetdoggy,6835284881099113478
tomme.15,6866034744300684293
key_line_nails,6712467344969155589
purrberryshortcake,6819027179806032902
_tobythegoldendoodle_,6584925603789701125
teacuppuppy2,6816328828296135686
swagrman,20225016
cute_pet1,6839618348310742022
friendlyquest,6627513475987079174
the_doggie_days,6648261497116377093
kimskennel,6619929542449610754
cuppuppypet,6835815093121844229
lovely_pets_look,6840976377869599746
kimkardashianan,6814169631767806981
lanacondo,6793106108547728389
milcyrcyrus,6630357835917017093
kourtneykardashian,6634526647087267845
joeyking,6806346003139167237
kyliexcroatia,6779156466336777221
buteragari,6829391248161752070
lauramarano,83842232042074112
vanessahudgens,6573848021691252742
kylerandmad,124513793186942976
jadenhossler,6568259087066497029
itstaylerholder,2016966
luvanthony,184198493148741632
josh_richardszzs,6802729735845151749
lizzygreene10,6815604315195114501
sssniperwolf,6570234866440503298
gabrielle_nevaeh,6767858577681679365
rosannapansino,6754408278609953797
addisonelizabethriecke,6585919780300570629
themeganplays,6617860233119793157
parisberelc,6800602019625468934
andreaespadatv,309910914684641280
jacenormanofficial20,6661666726650183685
corinnakopf,6717482175229199365
daviddobrikc,6730284460674204677
rug,6609672282070122497
kingrygarcia,6668224558162755590
hghussar,6617765069470859270
lewiscapaldi,160618419111817216
davesvlogs,6799909293312951302
itsnastynaz,6545660774398825472
candyken,6652121681941217285
nichlmao,6605532049611997190
lilorangeboy,6643250138511458309
lauren.godwinrulez,6801971522741715973
mackenzieturner0,6696894141329310726
esthalla,95033252842778624
jenniferngo,1184169
emmycombss,2052751
amyywoahh,6757815847807566853
sethobrien,9383386
mariahandbill,6632009315657007110
jlo,6611099612067856390
norafatehimafia,6762503319812031493
katrinakaiiff,6749906459381105670
miakhalifa,6780564068844880902
urvashidholakia,6727534445521880069
krushnaabhishek49,6779217574988940293
amrapalligupta,6564687843267592197
officialsoniamann,6763169646411006977
najibafaiz,6552808550312186880
seetaqasemie,6703162388105184262
guruchoudhary53,6755700473913672705
userkqdeb90,6682646273105757190
mr_monish_raja,6572133600282738690
abrazkhan91,6566927193385058310
umii_umeshhh,306242418625011712
sidmr.rapper4,6576955393054064645
ayushyadav7100,271016923491094528
priyarajput_9,6774736891373405186
_shrikrish,251453448934752256
rohit1209_,6564963138247524358
dez2fly,6745508206955807749
michaelblacksonofficial,6760852348224078853
meishmoe,6705807464908375045
anwar,8190545
justsul,6532736547437941760
holygxd74,6737810526791468037
tenzingtrainor,8929151
paigehyland_3,6758173263648703494
aldctherealabbylee,6687317229648823302
livbedumb,6760381874016912390
hollysioux,6825832095774229509
gianina,6815743123861373958
avakolker,6862242162345001989
justjordan33,75806834111938560
ellianawalmsley,119727198558720000
christilukasiak,6744487652583949318
thekiragirard,6716211371312858117
lachlan,6679758319660139526
alanwalkermusic,84453035275386880
theprofessor,6636471943850573829
khushi.punjaban.3,6838958880736773122
emomen1_,6777892532899955718
sam_narulaa,220905529542676480
mjahsan20,237093894033645568
awezdarbar,91383249620312064
aaayyyaaaa_,6591450069362589702
hollyh,6462812
alexwaarren,292342703596507136
blakegray,6665036207858368518
brycehall,6718275242529620998
ondreazlopez,104008679087017984
sanjumaharjan44,135749475452592128
anmolbhatia_,286620652512706561
tonykakkar,296131830288936960
arrobin_luv786,6590757682549882886
maazsafder,300666861850140672
kjapа,202632083029041152
zane,7111926
scottysire,6655080
kjfapa,6877817983966151682
levinhotho,6651210179881418757
theocarow,6614369561453068293
wolfiecindy,6754466393800901637
rob,6631422121003712518
ethandolan,27334662
tuckerbudzyn,6553351018557276165
gaitlyn.rae,6788285702397740038
derrek.harris,6750759305555985414
australianreptilepark,6690680539882963974
sandiegozoo,6619359816975712261
huxleythepandapuppy,19994247
zookeeperjawnie,6773866647695787013
brianbarczyk,6721014986372826118
fingerhustler,6825962146821473285
venustwofacecat,6532018015590973442
gregoryogallagher,6747754478541718533
darkdynastyk9s,6630301641747546118
thepetcollective,278453334037159936
spencarx7,6845334561326711813
andrew.davila,221563084413575168
disneychannel,6808591827484230661
grande.army,6764434758077481990
_.charlidameilo._1,6860431103661884421
arianaa.graande,6785823616920732677
.the_slap,6815117843815351302
babybella777,6769147995939668997
jaden,6808241405165569030
kyliecosmetics,6748620578603811845
houseofhighlights,6670556298780835845
syouma0724,6615517591232610305
foodnetwork,6756983778017313798
comedycentral,6662721523210387461
worldstar,6756400778381034501
daquan,6612209293923205126
overtime,6625714545389142022
derekhough,6773068227087090694
artistomg,275583382733029376
gilmhercroes,14166631
sosatisfying,6729543102472012805
peopleareawesome,6686669760023135237
josielewisart,6662884444942942214
barstoolsports,6646764999833403398
ironsanctuary,6633942803008536582
neerubajwaa,6823879062537143302
sara_ali_khan_official,6618466583474896901
prismakhatiwada,6541613927652922368
avneetkaur_13,123569757227778048
sharry.mann,6636417432268079109
mehazabienchowdhury,6621585182603296773
dighiiii,6662378769136959494
ishidutta,6715256299418108934
colorstv,6683723569711858694
ziba.hamidiofficial,6781149418165421062
aliaabhhat,6776966599754417158
dwaynejohnsons1,6815431710017782790
babypluto,89638
justinavalentine,208204651165257728
shaquilleoneal34,6804965307406369798
nickcannon,103305441094365184
realpopsmoke,6745145242730071045
zhong,6626474508248612870
queenstaralien,6652088228114726917
kaylanellaa,6732159696915317765
sebastianbails,8248852
coreyfunk,6613496881934024709
sleepynaz,6666873201166073862
aidanrowley,6677221163007214597
noeminikita,4322816
korayzeynep,6604327987994165254
cassidy__t,316051411031433216
javiluna,28049777
youneszarou,6717651461067604997
cobypersin,22991813
themagiccrasher,6538182256194753551
deamontol,6651484290456649733
wengie,90993139959689217
meghantrainor,94650419880005632
illumin_arty,6561480330417553413
montanatucker,229747563124387840
twinmelody,116740719360233472
codyorlove,6168987
codywhoreluv,6781183722056516614
cocoquinnb,6614907039876235270
arianalee99,24654300
amber.vanpelt,6599405543298908165
aadaddario,6781671155293127686
johnstamos,6749914077760848902
briandadeyanara,52737027011538944
ivanmartinez,6596986234983235589
soydanielvargas,261386395104161792
privecrew.darian,6602031260057534470
naimdarrechi152,6848669405406315526
gabrielahotmail.com5,6816496994342634501
libardoi_saza2,6808347258472399878
kevlexd,6536013812355568640
jxl_01,6817091670301197318
user183101230,6793701715137790982
lizshamely18,6827125740711429126
libardoisaza_fans_1,6814841161803596806
naimdarrechi770,6715472049089676293
marilandgarcialopez,6831161341929587717
maverickandcashbaker,6751417002877125638
cashbaker06,6707964363444093957
anacortes055,6817146131164955653
cash_xoxo_fan,6729100679389250565
cashxbre,6704762603945739269
gemelasortega,6534391958478017551
montpantoja931,6819697317738726406
edwinmendozza0,6864581491789448194
danya_milokhin,6650921630771118086
ludmi_celes,6830466749059892229
sebastianyatra,92081318737403904
montpantoja273,6865699350912271365
mariankrawstor,6722962581605549062
elrodrigocontrerasofi,6836820688696542214
katiavlogss,6548985544369373189
elyblancarte,6829748991375885318
rodrigo_contreras_fans__,6822118992443769861
ivanitaalomeli,13619357
aaskhan,234424465043087360
suyashcouple2_official,6832937725025747974
rahul_kansal_,6611115585789591558
shayansiddiqui,76179160208924673
bhagyashreesonvane,110398412511985664
wassup_akash,6556603201146339333
beingnavi07,251354485879648256
rajatbornstar,6529744304653472783
amitsinghrajput631,258285295849181184
ammye1921,6632897728844693510
viplovemaster007,235419491407626240
mr_faisu_07,245947105545109504
yusufbmx,6564987053724844037
btsbangtan.tv,6794851890246075397
straykids_japan,6770449328186229762
ibighit_official,6793245174169601029
enhypen,6854933796647846914
jacksonwang,93740065587
jin.bighitentofficial,6725745593577161733
itsjessibaby,6700184878455636993
ksi,122691397647757312
bellapoarch,6748458643983238149
lalalalisa.m97,6795224736026510337
ateez_official_,6768988370171741186
zaydelie,215436899505623040
joealbanese,6567760124612624390
theshilpashetty,6771459843665888262
barisresmiii,6601893451498127366
shoebkhan411,6570664298934108166
twinsfromrussia,6636892506443628550
yoeslan,6726528294055691270
lance210,7683952
daddyming,6851259000311710722
joeyklaasen,129802027169226752
hbcoolcat4,6874870969888457734
prankgods,6672145678913830918
rominagafur,100481652413403136
letwins,6558725130284892166
kjormo,145043848203812864
yanadoga,71362340507545600
sawardega,6555447149885210629
darianrojasc,11265560
jashlem,153738642358681600
libardoisaza,85377099133317120
orsonpadilla63,6641358464739147782
kimberly.loaiza,6596805238354558982
montpantoja,6602330263203414021
alexcasasvz,241728856821411840
amaraquelindarawr,146147151721418752
ssarakhan,14658077
pj_3132,264581992078503936
vassundhara,99616425467629568
divyaupadhyay96,6575164498704531462
mohak.narang,6546792651361075205
mehedihasan82003,6792694685431628806
jonklaasen_fanpage,6866016737231619077
neffatijamel,6826342337809236997
dababy,6789759271297369094
nbayoungboymusic,6786760191695209477
nlechoppamusic,6744882192327459846
drphil,6735160749549011973
postmalone,141140993138962432
roddyricch,6532318826875322369
joblessgarrett,6606336873730244613
itsavage,91752822198640640
brianasprinz,12271993
bagelspayne,6663316752648863750
danizvulun,577049
capronfunky,6648762404568662022
anthonyriveras,6568742308991385606
therealertarzann,6645912307824902150
paulinat,5222283
patrickstarrr,192872252147838976
ondreazllopezs,6873619636636107781
elyssajoy_,82361052260130816
nikitasdragun,6783628136787493893
whoismckenzibrooke,6846109014348514310
mariahcarey,6719942663279739909
ignaciaa_antonia,22052547
briandadeyanara.6,6837646419864896517
amadorat091,6840167402489005062
carlosferiag,18459858
briandadeyannara,6884517609266529281
alejandrolipa,137438954131386368
sofiasabogal21,6862752357962056709
isivives_,6735511246232404998
daniel.khosravi,6634700925155426310
carolinadiazof,6626549995548573702
noemyalvarado72,6789692641552122885
lilhuddytayler,6843893012699890693
bendedhood,6865702806223324166
not.brycehal,6794107703612359686
micahcow,6695090655742002182
bonkynatewyatt,6874086088623162373
cynthiasboyfriend,6804143186148590597
realhinakhan,6787599720980431878
afsha.shah,245403914605604864
malvikaraaj2,6775962112226771974
swethaa_naidu,94576588381433856
nargisfakhri,6769148996306273285
krystledsouza,74315397558095872
jonya1goou,6845246886166234118
realbadlandschugs,6804981934289142790
squirrel_baitbackup,6760441549198377989
hungry_fam,6714837916093121542
the.marshmello.family,6864925324644320257
petyyyyyybigfansgroup,6813252210483938310
mcsquared90,6658757246250827782
puppyshouse,6857524000780747781
xx_visshu_xx,6772158232082400258
rajann.13,249026804781518848
aadilkhann,256362299471687680
parinegi__1234,308655897059282944
iamsamira68,6643788223553667078
kimkardashian.westt,6597406924013879302
kyliedixt,6645307428509646853
officialsaweetie,310369745428471808
nikkietutorials,6799903533991904261
therealnikkibella,6784562688880493574
mulatto,6727357586217763845
aartichaudhary325,6586353467965685765
twistedpennywisetiktok,6785367850560947205
davidgalvanv,6802335974903956485
dakotaolave,6613398665766305798
jeison_giraldo,6602236196590911493
skyandtami,289479774740205568
mychaeladeforgotten,188102521251553280
mateosarc,6716986132016038918
jadensprinz,14565663
scarday,13689569
.montpantoja.2,6867246192851190785
demelipa,6672108229612961798
dianalarume,6583537497749094405
bindu_gowda7,212007782932508672
snehaagowda1,6579927713532084229
mdmotivation164,6582920877423181829
infamousharleyquinnn,5361885
skyandtamixd,62822014532542464
itarte.vlogs,176797435879370752
itsryanshakes,4695396
gauravarora_5,300737172482125824
mihirgupta2,223410252782841856
mrchikuu,6681976124165260294
riyaa1998,233052088799506432
kinzahashmi,271448679000203264
iamyanetgarcia,317200657827082240
shamitashettyofficial,6671543604139311109
pinkvilla,6691147747133195269
parineetichoprax,6812707695033287685
priyanka.choprajonas,6829462298635109382
vinrana,6738215897239094277
ezg.avci,6809264169125905413
rztwin09,6846103161033065478
danielgizmo1,6857396691563381766
thegmn,6826069577399960582
rebccazamolo6,6843855225473451013
rebecca_zomolo_fan_,6849086423980606469
nenithax3,6830444897842054150
zamfam_fan_edits,6827907118391018501
realmelvinpz9,6819470446423311366
zamfam_4ever,6837187626614096902
cyrusdobre,115974592602513408
.spyninjas,6776895536014443525
rebecca._.zamolofan123,6770526403471524870
riyaazz__,6843283605185348609
sayyam27,148601742870548480
riyazan.14,6671236702109319170
p_ankur280,6796504397750109189
psdn_98,6566444510283415554
vishalpandey_21,235289238626447361
zerry_chhetri,6573632979502972933
aashika9052,6725238438876201990
farzanaislam.14,6740288693578712070
sonukakkar,64021944827662336
mehakmalikofficial578,6646780255569969158
kangnasharma,262366188100423680
sanjayrgagnani,6597804043270193158
lamborghiniclub,6763284981847426054
fraserwilsonfit,6613493075602374661
howtobasic,6797729686773711878
joseczuniga,6724681226135880709
drcody_dc,6733431386776208390
bradleymartyn,6719147011734832134
chumlee_,6766684136452195333
swkawingchun,6821146355257738246
supercar25,6764419591944766469
shaolin.kungfu1,6836777528587764742
jpark_fit,6725138122194256901
alexcosta,6732734531198370822
spider_slack,6787763834675512325
fitcameron,6647344830484135941
elitekravmagapanama,6822445221395432454
aliyahm411,6766414587677656069
lgndfrvr,6667962390863642629
funkbros,6815233314204713989
drewdirksen,242845010914574336
juan29gonzalez,6768093014004548614
shangerdanger,6536528780259775488
itscamcasey,6718387110027936774
belitskaydi,6621575489638531077
quikplay,6720771982910653445
tiktokforyouvids,6556675061229556736
cassie,6670596165417648134
lovejoshuastar,6772281989262754822
djdiddyofficial,6645102441669246981
itts_hunter,6719619817470542853
foodies,6767621542903940102
darina_marki,6784362470502269957
1miravi,301972143720783872
luvnv,316197368775729152
daryltufekci,96893267878760448
lusia_chebotina,299741344426766336
viki_odintcova,6717225780013679622
gavrilinaa..2,6772858996770800645
din____donchik,6811052962786313221
anastasia_yseeva_17,139056841736589312
diii_iii,252520853748457472
светасоллар,228732529665753088
ayana.adil,6834794168822662149
anayporter,254347363681587200
__dina__saeva,6853041554971542533
cznburak,6626035987700531205
luckashyowa,6606238867320291333
chanderla,6835264048918037510
dina_16__,6815152774969639941
lllemannn,6816862498496807941
samuellopez_110,6864586204847948801
dannapaola,216902970226110464
rosalia,6531081683746165760
kimberlyshantal,91702291975532544
alejandroflrs14,6516609560025764864
.knno,6837892246348694534
kunnuelforever_,6869760036400169985
kunno.secreto,6871339262299014146
firatelvito,6684652788141786117
sherinicolee,6711346759140787206
papiikunno1,6854852337459266565
nmillz1,6622729350369312774
dadwiggies,6701123679173411845
jbjhanceboyz,6518731814683546639
baanisandhu,135861063475933184
_karolgmusic_,6770487588022649862
aislinnderbez,6729680936102003718
princeroyce,152561218413686784
netflixenespanol,6818248596120192005
ruggerotiktok,6657134119548059654
camilo_montaner,6806317666152924166
maluma.al,6785942188863144965
mauochmann,6730065321682715653
anuelnews_pr,6856933409908245509
fannylu,6805363942391546885
farina,6653864351218499590
cvillaloboss,85732074095022080
khea,6718056067919545350
yandel,122626891500417024
calamassi,6834218563127477253
telemundo,200868284056064000
iamnotjackson,6834930992571515910
nickyisthicky,6796825866250093574
markanastasio,6703338519320773637
povs_paypay1,6831692708742972421
paytonsx,6777565852470363142
moormeier.payton_,6804090200051139590
_paytmoor_17,6760343149656540165
rileyswaggyy,6810181195609080838
luvxpytn,6722501573484676102
paypaymylife,6797792156909339654
disneypaypay,6834991205882315781
itzzzpayton_,6751322502556877829
pjmoormeier,6817593302247818245
paytmoormeierr,6833351352950817798
payton.moormeier.faan,6814869820275606533
its.payton.x._,6769311447757014022
itpayton_moormeier,6755285191298024453
payloveee,6785408430141654022
dougthepug,6718825235594478597
kyleexum,7218876
desmonddennis,1536988
dtay.known,8128232
petroutv,123596619672879104
kouvrsboyfriend,6825497303127933958
miantwins,6566224483814916102
sebastiantopete,5401075
sjbleau,6754153240060036102
evaluna,6769772099181855750
lionelferro,63583628198150144
valuuza.z,6786339291934147590
valentinazeinere,6618623153600135174
rennotni,6779661336202363910
valuza.z,6800156542667768837
angeliqueboyertiktok,6725135195957314565
niasioux,53093247253770240
ruggerotiktoks,6577321385869541381
mispastelitos_,6800801747420038149
bakerarmy4life1,6825052449792459782
neffatibrothers,6573333079937728517
tiktokmama555,6785617660099445765
gabbymurray11,4246417
aashikabhatia,67581249594232833
chang._.a,6631070414577958913
adnaan07,190435869978443776
quenblackwell,6721905908093289477
ciiindy518c,6670555736558927877
x__kuro,6567639025561468929
nari_luvv,77110622634
hyen22222,6635103951753625601
yerin_chise,6585127176701329409
zon_kis,6563811189422964738
haileeandkendra,280966517868019712
badwiggies,6867345925947556870
annaxsitar,6678709915819262982
tyshonlawrence,192107165732597760
cahilxmanila,6547273383942848513
angela.krislinzki,6532027318485909506
jannatkidewaniofficial,6634917612566757381
zain_rock_star,6833017236400915458
ayesha_official5,6698518299854947334
aimanzamanofficia82,6709049777357440005
freememeskidsssss,6838943471744304133
meme.vault,6638681901677871109
mammothmemes,6532071265098825729
vinestotiktok,6767340506772882437
meme_page_1,6825948023823467526
dannyduncan69,6750813111476257797
daily.memes445,6809134855797228549
_memes_daily__,6663985750214066181
failarmy,278451059965267968
memesfyp,6777629344489522181
meme__reposter,6822860296634975238
alexmarques,6703603999713035270
funny,6743938120749843462
freememesforkidz,6798172199778993157
dankhumour,6727318386140070918
demographick,6644616073592209413
meezimemes,6707368095257019397
memehubpremium.com,6833240801029653509
theunicorn.family,6616531874678751238
danq.thu.tra.fan,6828492070253200386
linhbarbie316,6861476898708014086
_leaelui,6769126473875948549
leaeluiiit,6566555228946169862
maarebeaar,6743803545260147718
madelaine.petschh,6788094076551955461
theonlymissballinger,60297804971028480
abbyrao,6741341736297169925
sofiiiiagomez,6649974064393977861
kinseywolanski,6719464301793739781
benjikrol.es,6843163081986065414
adrilatinatv,257835798199300096
solodavid,6786103246392296454
soylachamakita,6652212576129597445
_lulu99,83784929888587776
espiandoamatispano_,6735180275502056453
coltyy,6604887246502100998
broisfunny,6753369333579678726
miafinney,2437815
slam,6722996450802336773
ballislife,6703560180795966470
complex_sneakers,6751020992686326790
bleacherreport,113693592103030784
nfl,6634193109470593029
nba,134941634731003904
espn,6663294979903422470
joogsquad1969,6749843110849676293
olympicchannel,6754011909617894406
funnyhoodvidztiktok,6758459507883967493
sports.illustrated,6724311121991795718
xxl,6830126670839645190
hoodclips,6748844404452688901
cutybeautykhan,6558418321485414402
cutybeutikhan50,6819130305444103169
grigioprincess,6813831286118417414
flaviacharallo,141051226736955392
erikabuenfiloficial,6696322630842647558
vivi,90391636043517952
laneeoficial,6736936652448760837
carol.bresolin,6745888307991839749
gizelly.bicalho,6822131974908822533
igorjansen,6797516883370279942
lucas_burgatti,6809400849321018373
lisandracortez_,6818705445361697797
ivymoraes_,6823378796852184069
francinyehlke,29231010
mcmirellaoficial,78069293574
190pietro,6781193944972149765
nandacarolll,6713661439465374725
daniellediz,6616397017911558150
sammyoffc,6744795868439200773
joaoalmeidac,16449032
zoofficial,21700196
lizzycapri,248578419783843840
pawanchechi09,6611669773426278405
sibbugiri97,6579951189176958981
dikshachoudhary8,248267345020911616
samgill00021,6517862346608612352
rachitrojha,228226049560498176
aashivmidha,120988982384943104
shahbaz_sher,6636670133400584197
simi..jariwala,281475979825520640
oyeitsprank,6575524097604812806
deepesh_zo,6534574883551056896
madgirltab786,6753280568363238402
arhanansari456,6603294227777798149
sorrysa_official,6547583178154972175
juliandaigre,25724671
_juliarene,6736537026815214597
nataliaguitler,6720916417824588806
alishalehmann7,6791505430487532550
viviwinkleroficial,6791137525471085569
katjaglieson,52759460401643520
dominictoliver,7578599
therealhammytv,6740372348631942150
austinsprinz,14561319
topperguild,6716962133261534214
flexyalex,6716434037994636294
teripodelnyk,6734851931632780294
jiffpom,79102494005428224
blueberrylauren,6563337075319701509
maluma.a,6778870359645537285
farrukopr,6800796625280746501
manuelturizoz,6788920827971830790
anuelrhlm1,6814054107968570373
luisfonsi,79730567725932544
sebastianrullitiktok,6797250730181854214
traviesotiktok,6789058639116141574
gianlucavacchi,6520492235513926656
elrufas,249671072973811712
darianrojasrfidiuuol,6837862494682366982
.carlosferiag,6757681569266009093
fansdegemelasortega4,6850690460903031813
soyfandecarlosferia,6825298401941865478
alegalvanv,245071560691351552
leylastaroficial,6819789134695056390
estefaniad87,6799691530090349573
michaeelboons,15912769
isabeladelgadou,22478357
cosalocabebe2,6789270915844342790
shrutianand_official,6598168821880848390
lakhanarjunrawat,6662216509404971014
rugeesvini__,6602519356185133061
nba.lakers,6851460613831787526
shaqtinafool,6689367805815784454
lakers.lebronjames,6844880151512581125
basketball,6791865000132101125
mlb,6569247715560456198
bryant24_8,253344517007974400
breakanklesdaily,6742900201664005125
topdunkhighlights,6759406331432338437
dukembb,6683343194090259462
gatorade,6823427585344848902
crywcry,6831053916478669829
nhl,272198554436165632
hoopsnation,6703881231749170182
tiktok_español,8830173
aliizquierdo_,250373032668696576
yosoyantrax,6757106892436734981
eddy_skabeche,163544568515272704
ajmalrazaqadriofficial,6658605158136840198
sad_bad.mood,6856476490045899782
haideralibaba2,6630287113228075013
rashid.miftahi,6586285566718394374
rm_motivational_speaker,6813597637032969218
shahnawazbaqir,6678535013997216773
aliriaz84,237238007349776384
hasnaink07,231810259189755904
mucho_feeling,6582655088845045765
rameezkhanofficail,6781036773402706946
asool324,6666803236807213061
zaaz_writes,6830332088261198850
jaskiratmaan,6540046346039071759
odaijaradat_.xxp,6790048673923089414
emma_glb1,6587359012920033285
loganpaul.only,6747241879723377669
itsloganpaul,6809134876530426886
itsbsd,6522199431733842944
adamw,247281113587535872
russiandeadpool,6692676371698844677
chefboybonez,6717812407399810053
spence,6615180516264427526
sadiq_ahmed007,6636291168333250565
ahmed.i.faragala,6533522691033420800
asadkaka7,6702862213873501190
sarabjitsingh2062,6750171562013819909
realsunnygold,6606601291728142341
khanbabathebeast,6621944044112576518
mr.dhiru_05,6583912441842106373
uman_mickey,6597365279972573189
indianrock456,6575305073139122181
im.megha,257733399577350144
desirock_07,6781441816065295365
ranjeetrajak15,6560547039058903046
jabbarkhan68,6576097448313356293
theoriginalwoahh,6857600346786694149
kthuntley,82048018861993984
indiana,14320791
dylonshogo,6717706518538847237
pewdiepien,6725254718489592837
mrfreshasian,6614683849777807366
jelly,6759838193685971974
poki,6698376524230722565
tylerjconklin,6718001300778370053
mynoeneubanks,6778401101332530182
heir.of.atticus,6683748551530382342
whatcyr,6862899685326586885
twaimz,279115836521435136
blesiv,73755625985335296
didluck,4494182
sydneyvmay,6685390137092375557
crusoe_dachshund,243568653877862400
markrober,6754449264095577093
dallmyd,6751907197665920005
robbyandpenny,6691760796600648710
sandybepsycho,6785598398365516806
jenniferlopeztv,6762576432999154693
jlo.fav,6795644970524230662
mkutcher,6753168040957854726
pussycatdolls,6759336009136358406
courteneycoxofficialx,6815884957526705157
jaspalmalhi2,6598053001398779909
marshmallow__23,297897860099018752
varunsoni1,73468177237635072
vendy.yaduwanshi,6568349129364783109
theashishbisht,93695577451806720
javierramireze1,170377556381085696
fedevigevani,61001709975515137
luisitocomunica,6732011037472556038
katieangeltv1,245504615646052352
bryan_skabeche,143634845787672576
policoloridas,6855339558419235846
platicapolinesia,6663247433966190597
soni_coloridas.fans,6805553409317045254
_luisalulu99,6833799707442529286
sonicoloridas,6855340136813741062
medicineexplained,6783079066196149253
drjuliesmith,6716247452318811142
letsspeakenglish,6718976913182655493
devinpossinger,6730747730085528582
manpreetmannii,171624738568630272
englishwithgeet,6672208327802699781
praveenguruji,6714592059687093254
stefypepi,6585895680694697990
mika.jones,6689525295480161285
dermdoctor,6765585846651094022
chefkunal,6561622073361514501
maxandfacts,6731160200600142853
officialmaxtern,6702017223420462085
afrozshaikh95,6566577778819792901
sports_cent3r,6809049439522063366
nbcsports,6829072678126158853
overtimeszn,6702031699599344645
sports_highlights2719,6627898399834636294
amongus_times,6836366965452784645
nfl.humor,6694058118847955974
nbamemes_official,6702607443531596802
247sportsdotcom,6822306563509879813
benofthesecond,6556786813448077317
avivasofia,6671262051363864581
jaydencroes,13984993
mattiapolibio,6622751520030474245
yanyandejesus1,84788911394131968
ryanprevedel,6826450881077052421
oolfat,247149025546711040
miguelmase,71931423766478848
aayushi_doshi2928,6758278663902757894
byniaromero,6608316461872447493
ummey_khansa,234876999838699521
kajaldevnath,225276260262809600
resfairy,314587200413753344
arii,272854
thexhan,81563067905437696
tanamongeaulol,89384766092746752
nabela,6745892773859165189
fashionnova,6647965498569293829
tinashe,76981456853487616
iamdanileigh,8123542
dearra,517529
juju_des,6653120020157661190
elleriemarie,6616807465658990597
donalbisht,239965937326821376
kristenravali_official,171818250605867008
jstustudio,6827945130328638469
papajakete,6644691257267322886
couragejd,6744230504305935366
guinnessworldrecords,6628447027137511430
guppynotpeyton,6744176917702362118
literally_violet_,6777921061985960965
fatherco0n,6831313527980229637
nikkiwoodss,6700993063601013765
mikaypjadee,6856583260282684422
ivyy.lii,6711682022458639366
muslimthicc,6631345105197219846
ryleighhawke,6811248194384675845
s.h.a.r.a.n.n,6738580086973531142
_jakepaul_1,6806999181334283269
terrycrewsfaclube,6821672751628502021
shemarfmoore4real01,6754399075203892230
youngma,6621713542487130117
bobsaget,6739253886625891333
fallontonight,6600107989528985606
yg,212345580193214465
aamir_arab99,254062498671357952
eshanmasihchrist,245295500017549312
a1nsh,245741298807103488
twan,7590636
bellaretamosa,6553023420882228239
dualipaofficial,170447429077598208
sia,6811538513018012677
santajclaus,6731557154820654086
paul_puppets_show1234567,6753103418376700933
goodburgered,6695450871805281286
hammyandolivia,6809429914065142790
baby_yoda2.0,6620995234431008774
xgeminidragonx,6746688122312213510
scottywartooth,6621398033547853830
thepuggysmalls,6626406458182664198
thescottishmellotiktok,6657978123093590021
fnmeka,6613569458593103878
christopherromero,3686593
its.michhh,260722526102839296
domeelipa.ly,6775964594601509894
montpantoja021,6845333518759920646
nickaustinn,6681493234424300549
jasminechiswell,6654959668609581061
blameitonkway,6854617
5.minute.crafts,6724960858919470086
123go,6769135928420320261
5minutecraft_1,6810076857506186246
5.minute.recipes,6808219013463065605
the.art.room,6846629392346203141
yufmuhacir40,6677206824473707525
tinykitchentm,6692045173930853381
5.minute.recycle,6808225158378734598
ideas.en.5.minutos,6789716495640806406
sarabeautycorner,6696506643767804933
tastyplus,6755282956816679938
resinshawn,6645503560647819269
homuraham,6650256884035911685
craftymoms,6826757660055798790
amidnoiral,6794555610366460933
hrushi_22,6607540507671838726
skqueen_70,6561470276424073221
praven1921,6607241404451504134
swatii19,6626048187064385542
itsjennadavis,17331203
vctorperezz,230877298156036096
aydenmekus,6615412531505397766
kalanibrooke,20506560
avamichelle02,22750575
nichtdalia,6759412100172710917
musiicxlly,6778231499218224134
brat,218654793462935552
team._.samuellopez_,6846533252334437382
karolsevillaokay,6555566611569316864
queenbuenrostro,241942254364418048
justboggi,6593646158147682310
samuellopez_fans0,6848797499465974790
cnp_orio,6528254160918347777
ujoaozinho,14135038
princesssquad.official,6805684010841506822
harshitha_chow,6641768564645986309
bhanu1006...1,6829608944329311234
s.k.133,6863230126949139457
moni_darlzzzz,6573870659418816517
janu14308,6657265191761641478
sireeshalella,218733367490609152
radhao_o,6772984990462919685
nitikawilson1,257322042004303873
ashnazaveri,6772443845638161409
officially_mah,6768954461571859461
gowsika.arul,294610523009265664
karimepindter,6707718222496449541
ester._exposito,6817182458564756486
dre2cray,6696548617413297157
swagboyq,676286
demibagby,6554283305829667855
iheartmemphis,4273758
lanarhoadesj,6615279580599369734
realwoahvicky,6703972501401306117
callherdaddy,6666039616670646278
megnutt02,6644896760362827781
lilmiquela,6671266312193589253
aa.vision,6654138047738101765
visit,6752974644531938309
devonrodriguezart,6799211962154976261
rene_casselly,6700157703589381125
piffpeterson,6612957585493884933
arcadeboss,62712852473450496
dominykas,7232253
sneakernews,6669175130328301574
jackiegansky,103785341156790272
youngezee,6616696462497939462
kyleexum2.0,6860853956717970438
kingvader,378913
justinsske,6768599878664766470
imyvnghomie,6704464339602965510
iamdsprings,6744862343739622406
willytube,137016158867746816
thecardguy,6615741982961041414
chadio,520793
user1571837862978,6842603683655828485
amebeliever,6818295420625994758
akram_bmx,6560924143449358337
sagargoswami.14,6632213613418496006
shadaabshaikh1,99298770160418816
cainguzman,6578490402956443653
fabianmagicofficial,6689300327160038405
zayn_inzi,6742849539252175874
magicianshin,6603555344852549634
euwatson,6561367527448231942
euwillou,12092530
piacopellotiktok,6745437324740248581
flavialaosu1,6781816107286414341
victoriaa_mehault,6808837833055372294
telefe,6746308036107797510
tiriricatiktok,6835285462350513157
chiquinoficial,6590837304842174469
marcusmajella,6813849104960439301
club_whindersson,6815624825416025093
tirullipafc1,6852384217562727430
bananinha15.005vereador,6627656976271081477
marley_ok,6752871870628103174
k9_mattis,6736912865976599558
ignaciobaladan11,6720802308996039685
deboracorreiacunha,6783077788230501382
alvxaros,6679935073985528838
jacksonmoura,6651658696621506565
kalesalad,6642309458071568390
flossybaby,6807126210209973253
sophiat24,80084862459645952
ggarmash,6833419628686066693
giovannyyyy,21836808
undos,6716768307611862022
jack.wright,9881080
mya5,1181857
devynkohl,156772731319939072
miafaithe,6645313576586674181
devbaebae,6843886238552228869
paradiiseeddd,6830881265059709957
thisisnutdestiny,6820547925090911237
joe.bartolozzi,6707397283459417094
spicekingcam,6770811947673404422
spencewuah,6633503451764916230
sarakazii,6811302248850260998
sarahesri,6755587284777911302
the_pastaqueen,6767173591098770437
imanthonyvargas,6621041555531972613
anasalafam,6752453581503415302
jesseryt,168707501834625024
keemokazi199,6800439467146904582
iconiccpinkk,6752931441824646150
billritter,6634265582000914437
mariahcov,6785700825416139782
adamsaleh93,52929264878104576
jameschanless,6837659002802258950
karenwazen,6532034991914778625
babyfaceniko,6625079984771088389
aryanverma_001,6656772257892286470
e.l.u.c.e.y,196147725422342144
battleman77,6824010668918113285
eyeinspired,6742487636563706885
foodnnja,6757702540823675909
fatcapsprays,6699395556307059717
vikubalupura,6590872690897977349
creativepicks,6816220793271469061
sand_painting,6804732346672940038
tasty_choice,6748231012390585346
easyplusofficial,6827272304281043969
procreateletters,6797463994308723718
soylamorena,6580449429610135557
marioaguilar,8121372
omarchaparrooficial,6800016617759605765
jaimecamil,6782982989825672197
soydanielaalfaro,6610917199656615942
say_yess15,277782541456302080
aliyaa_97,6540575320218304518
teamnawab,51939263235264512
karoletka,113515383482986496
annamcnulty,55918175682314241
monika.kociolek,80546969009434624
amarmolmc,55155932967489536
fans_de_ralf31,6840460760075191301
soy_fan_jashlem_,6854427724691440646
_todosobrejearian_,6842026978779825158
daelyhacks,6771023874080670721
happyreactionsss,14912591
therealbsimone,6712459513008718854
gabbiehanna,6891517
twitchtok7,6724412217759073285
riconasty,6678456540288500741
_saloniyaapa0,6688759318395962374
imkavy,286244276509044736
_deepalichauhan_,6609383520911933445
hyperx,239896965558304768
fearfactormtv,6758514828967216133
supremepatty,6612711841104216070
15sof,6640262253509263366
itsgoneviral,6650403599174877190
austinraye,6677970953881814021
thecrazygorilla,6708832512548783110
tannerfox,6719666965335688197
gamer,6810034969890735109
therealtarzann,6735799544317608966
hiphoodclips,6607837730838970373
funncob,6737232754775999494
foods,29222632
nardwuar,6718575433057534982
trevorwallace,6705528089663063046
joeynero,6614203476090437638
ilovefriday,6574877764975984645
xxkhaleel,6623081368870764549
mattpetitto,6532031004163440641
thebentistgaming,6832725839891006470
thesierracapri,6798711457593721861
preciousmilliee,6803732993976042502
joeykinng,6805899525002167302
soni.nicole,13023437
ninaadobrevc,6679049274430407685
delish,6713997619171197958
lmao,6783067994999407622
redbull,160822079959736320
dailyfunny,6770665168219587589
funnyordie,189689958646140928
animalsdoingthings,6628285547343511557
lauraclery,6671034
mr.pokee,6626405803748950021
mayapolarbear,6545848975433334789
tofu_corgi,6601945517240401925
auditydraws,6707386188963202053
griffinfrenchie,6606575803927085057
thetoiley,266016437851602944
hi_im_chewie,6628401221219303429
marinemammalrescue,6760805983751111685
meohmymia,6635574500157194245
rizaafreen_17,6612246102355181573
originalmishra,258419551435124737
_khalifa_khan_,6778114596043195394
parpoto_official,6701341602856125446
premshilu_,6724340472062673925
nita_shilimkar233,6808529385260434434
jace_normen0,6677058443227366406
nickelodeon041,6829108289981809669
cartoonnetwork,6730617542903645189
tartecosmetics,225887475913773056
picsart,6615203572723056646
nickelodeon558,6804714167824892933
nickelodeon_fan4,6834121031692059654
jacenorman_fp_,6719540563760464902
nattinatasha,6519601846326137856
luisasonza,69619265808523264
lexaoficial,75010375269
sofiaalcastro,228504740299706368
consuelo_duval,6793792113588044806
ederbez,6781159975710147590
paqjonathan69,6740310871535305733
ricardofastlicht,6782271181775455238
mecaigoderisaof,6831306512054600709
barbara_deregil212,6747113208526193669
barbaratorresmx,6777814841039258629
mythical,6798768632715199494
liviabritopestana,244014075725221888
mrchuy0123,199024594354405376
nathandavisdaddy,6612278247777566726
theblacktrunks,25636988
shanenagy,6743738280465073157
iamdavante,1033212
jasminexgonzalez,14515043
mranto,26509601
saib_alan,6592446382811840518
andreswilley,525985
dripletss,6586710361490980870
skyodin,6557346749898489861
cgl02,67763404391768064
real_mouth,6672536192222053378
neffatijamil,6639377373588766726
danyam_deking,6829441216909558789
stoveskitchen,23759469
soloflowflips,6628640319964528645
arnienegrete,1596822
owen.holt,6689620939485545477
hunterwoodhall,6653271087281111045
jonasbridges,362383
jesselaflair,294701805882658816
minnieandtink,295827814627610624
lukas.spindler,6671978744389107718
lmtwins,21176447
carsonlueders,13488793
bubba_ice,6658996883442663429
shibakoma,6557888952919916545
michael.jackton.official,6593798136577392642
insecthaus_adi,162029009558667264
thomashubener,6609459129285476354
ashtonsky18,6601531252238843909
deagal_remyr,6676430788580328454
heart_break12,6838607234214396934
rashid0942,6760953802327573509
punjabiwhatsappsts,6689915064567071750
shivaniimotivation,6810371247831712770
jackdawson1,6675255547946484742
mehmood_j,6576440022575955974
motivationblog_youtube,6606685898200825862
armanrathod,283036854390616065
surgeryonline,6677818436091692037
mohsinbahim,6743139527352910850
fateh_siyan,286111945189900288
i_want_dush,6730536077662520326
rashid.miftahi.fan,6779559738747487237
shadezahrai,6793021595592147974
lukejeal,6620070580857274373
_englishwinglish,6714273742762296326
chalchitratalks,6747760272141763585
learn.german.fast,6763216424737260550
hogatoga,6719864676660823046
fisio.glopez,6796653899983045638
excelminitutorials,6801084224113918981
ankur.warikoo,6719751089660822534
livebetternow,6815011596915098629
bmengspkg,6698227260376728581
itskingaliasgar,6820306313474524166
motivationaldoc,6826485230318289926
fitness365days,6670766752072564741
parastomar,99521021472382976
lucetezero,6656186472703950850
munjihu,6657356289561329666
bigmarveltiktok,6701441597954360321
kh00205,6714908956316288002
sia_jiwoo,6666286224317808642
shinsama422,6626231805266182145
kyunidk,6700778841017730050
yunjungwoo,6720085384975860738
auronplayyyy,6794006683749893126
fernan.tik,6768589774728774662
fernanflooforever,6808657469930439685
juanbertheau,68005603914227712
capitanyolotroll,6767479470661354502
thegrefg,6720503949520569349
juegagermanjr,6791161182125786118
imagus511,6782936624286237702
cesarnojoda,6619797098836049926
yosoyguaynaa,6776027071787467781
poncecarlos11,6762346718766302213
andreseningles,6673942096096068613
riyaz14.19,6843035111269827585
samreenali142,6697571098551452677
jannatlailma.07,6710648910370636805
baloch__408,6689184712207336454
joker_kurdii,6851240083808502790
07_ravi,6615913672068874245
badjoker0143,6741286047109415941
mr_jokerxtarr,6527152925175714816
riiizzzxtttaar,6849361467105903621
rizxtaar_jokeer,6777456166207341574
rizxterjokr,6630489908825194502
jokerrizxtar96m,6845493143975085061
rizxtar3333330,6815450448754754565
rizxtarr005,6765396950903211010
_cute_kaif__07,6668288611458826245
dildar__tanbir,6712767547038925830
rizxtar884,6702532107904156677
rixtar.ro,6823364664887788550
rizxtaaarr,6797177382769951749
rlzxarm,6823089804248105990
parsifayjoker1,6850720632754160646
jokar.work,6786559521953121285
rizxtarr_444,6727221784531338246
iamzainimam,6715339055519581190
aliciakeys,117807634048581632
imkevinhart,6730007015793771525
therock617,6770700872487683078
roman_club021,6795093778513544198
eddiehallwsm,6646886725086806022
thebigguyryback22,6729501511628571653
therickyberwick,6608229780943306757
wendeljacksonofficial,6595682926574649350
kura.namo22,6745016987997144070
longneck,6698239782269273093
nicksface,6748815612224635910
kaigreene,6670197549800341510
arnoldliftz,6791440130633679877
larrywheels,6673466889132426245
shashikantbigb70,6635816872158445574
mikeohearn,6669840734764269573
musclehardcore,6747327097414435842
melissametrano,6740020623169487877
salavat.fidai,6738100419849962501
sweetyhigh,29120922
taylorredmusic,6783416556787876870
mariannenafsu,6747722727883424774
notbrookemonk,6848085774141096965
dylandoestiktok1,6742198968582030341
shulga_familyy,6745151894572434437
alexpresley_,6616417602699198470
martamie,6670873483956420613
montanaandryan,6620472621639778309
tatyanddavon,6812411586263876613
brookeashleyhall,199011768785133568
juliaxsummerx,6735445424143336453
pologofficial,6794168612069327877
21savage,6800260231597212677
50cent,6803439117906166790
trippieatplay,6781553089406567429
johnnysins,6773102766849295365
chanteljeffries,6556258511506904079
bignik,6390775
juliagodunova,20938115
mikhail_litvin,293274494784155648
tenderlybaemusic,6723438771948635142
dubkovapo,252210588595163137
karna.val,259767281914896384
vlad.hoshin,6568336230509133830
tomashevskyi_dima,6514770782789309455
nikita_zlatoust,222600409230786560
regsem,182355675694419968
kisskate_blog,6621802757760827398
xoteam,6806648197319820294
akula_57,6528285769700742159
kagiristwins,16665941
artistgary,28853455
luiza.gabriela.brovina,6610030090846191622
kkarrrambaby,6577053569533444097
bip.house,6843082702310228998
dina3611,6848601375287608326
_johnnyorlando,6570294104940298242
bgreazy,6765990633955525637
notemmamarie,6827947226544931846
aviangel14,57450676338819072
chloe.roberts__,6712803466384049158
lindsaymbrewer,6654250209730084869
juliachavanne,6553539378730259471
ashleyk_hawaii,6698082324170490886
xoobruna,6770442701987251205
ciaraloves.u,6735092922674889733
laurendascalo,126321183230357504
cassie_roberts4,6750918167378166789
valentinalequeux,6729812733271622661
briteresi0,6689034142682203142
lynaperezz,6672558701465338881
girlgainzblog,6807872361221096454
berryemi1,6818002132563067909
victoriabachlet,1146186
