id,create_time,user_name,song,song_id,n_likes,n_shares,n_comments,n_plays,n_followers,n_total_likes,n_total_vids
6888099164782185734,1603760591,arianafeygin,Calabria 2007 - Instrumental Mix,6795129103855912961,5600000,16700,35200,24200000,1200000,15200000,92
6887317837774343429,1603578686,krysmay,Calabria 2007 - Instrumental Mix,6795129103855912961,3200000,9340,15200,14600000,3100000,89700000,199
6889901389154110725,1604180209,krysmay,Calabria 2007 - Instrumental Mix,6795129103855912961,2900000,20300,18800,14700000,3100000,89700000,199
6886191981760974086,1603316552,krysmay,Calabria 2007 - Instrumental Mix,6795129103855912961,2700000,6940,17800,11300000,3100000,89700000,199
6883944205631229190,1602793205,krysmay,Calabria 2007 - Instrumental Mix,6795129103855912961,2600000,36200,15300,13600000,3100000,89700000,199
6868061970235460870,1599095314,krysmay,Calabria 2007 - Instrumental Mix,6795129103855912961,2600000,19600,64800,10800000,3100000,89700000,199
6850255650325400838,1594949436,krysmay,Calabria 2007 - Instrumental Mix,6795129103855912961,2300000,26500,29700,10100000,3100000,89700000,199
6888800176157461766,1603923802,krysmay,Calabria 2007 - Instrumental Mix,6795129103855912961,2000000,34200,26600,12400000,3100000,89700000,199
6892518300912323845,1604789508,krysmay,Calabria 2007 - Instrumental Mix,6795129103855912961,1800000,16600,22600,7600000,3100000,89700000,199
6862123336680361222,1597712600,krysmay,Calabria 2007 - Instrumental Mix,6795129103855912961,1700000,63000,50500,10000000,3100000,89700000,199
6863236393909357829,1597971754,krysmay,Calabria 2007 - Instrumental Mix,6795129103855912961,1700000,25200,24200,12700000,3100000,89700000,199
6853599370600877317,1595727956,krysmay,Calabria 2007 - Instrumental Mix,6795129103855912961,1400000,26000,20800,9600000,3100000,89700000,199
6858784647363464453,1596935251,krysmay,Calabria 2007 - Instrumental Mix,6795129103855912961,993800,11300,12100,6900000,3100000,89700000,199
6857673830287150342,1596676620,krysmay,Calabria 2007 - Instrumental Mix,6795129103855912961,938400,23600,19300,7400000,3100000,89700000,199
6846551345248341253,1594086959,krysmay,Calabria 2007 - Instrumental Mix,6795129103855912961,893200,7348,14600,5300000,3100000,89700000,199
6848397821859695877,1594516874,krysmay,Calabria 2007 - Instrumental Mix,6795129103855912961,844300,14700,15400,5100000,3100000,89700000,199
6860276574529391878,1597282617,krysmay,Calabria 2007 - Instrumental Mix,6795129103855912961,797500,13400,14100,5200000,3100000,89700000,199
6852482113585925381,1595467825,krysmay,Calabria 2007 - Instrumental Mix,6795129103855912961,732200,10300,12200,5200000,3100000,89700000,199
6811948140342611205,1586030272,reagan.palombo,Calabria 2007 - Instrumental Mix,6795129103855912961,668600,9069,2189,2500000,16000,1100000,21
6891026625010420998,1604442200,krysmay,Calabria 2007 - Instrumental Mix,6795129103855912961,581800,5876,8055,2500000,3100000,89700000,199
6887415828321520901,1603601513,becomingblessingb,Calabria 2007 - Instrumental Mix,6795129103855912961,573500,9093,1968,3100000,147200,2800000,265
6854711415530343686,1595986874,krysmay,Calabria 2007 - Instrumental Mix,6795129103855912961,557700,12700,14500,3900000,3100000,89700000,199
6864719070349118726,1598316969,krysmay,Calabria 2007 - Instrumental Mix,6795129103855912961,526500,6977,3235,2900000,3100000,89700000,199
6856933099377364229,1596504156,krysmay,Calabria 2007 - Instrumental Mix,6795129103855912961,505000,9218,5470,3700000,3100000,89700000,199
6840187372303420677,1592605231,karaunger,Calabria 2007 - Instrumental Mix,6795129103855912961,459000,2073,1171,2200000,7456,462500,39
6860681297036070150,1597376851,masonrotelli,Calabria 2007 - Instrumental Mix,6795129103855912961,455400,6852,3983,1900000,5106,474000,25
6885441183892393221,1603141742,krysmay,Calabria 2007 - Instrumental Mix,6795129103855912961,451600,2920,3887,2700000,3100000,89700000,199
6888427190061485318,1603836971,krysmay,Calabria 2007 - Instrumental Mix,6795129103855912961,449600,2058,2927,2100000,3100000,89700000,199
6879174627600518406,1601682692,krysmay,Calabria 2007 - Instrumental Mix,6795129103855912961,414700,1397,1636,2200000,3100000,89700000,199
6832453683058412806,1590804590,ferandmau,Calabria 2007 - Instrumental Mix,6795129103855912961,409800,5686,2843,1700000,906700,23900000,533
6856187817962343685,1596330629,krysmay,Calabria 2007 - Instrumental Mix,6795129103855912961,387200,4768,7060,2500000,3100000,89700000,199
6857312438971288837,1596592476,krysmay,Calabria 2007 - Instrumental Mix,6795129103855912961,386600,1531,4654,2500000,3100000,89700000,199
6883184678392712453,1602616372,krysmay,Calabria 2007 - Instrumental Mix,6795129103855912961,383700,916,5529,2000000,3100000,89700000,199
6826802150421646597,1589488741,sofiawylie,Calabria 2007 - Instrumental Mix,6795129103855912961,361900,391,1116,1600000,8200000,213500000,802
6832822682589990150,1590890505,krysmay,Calabria 2007 - Instrumental Mix,6795129103855912961,318400,9263,6096,2200000,3100000,89700000,199
6877265079679601926,1601238093,krysmay,Calabria 2007 - Instrumental Mix,6795129103855912961,309100,1756,1916,1800000,3100000,89700000,199
6866203427110735109,1598662574,krysmay,Calabria 2007 - Instrumental Mix,6795129103855912961,304500,1713,6232,1700000,3100000,89700000,199
6883562938167217414,1602704435,krysmay,Calabria 2007 - Instrumental Mix,6795129103855912961,292700,1117,3331,1800000,3100000,89700000,199
6864290015418092806,1598217068,chrispy2x,Calabria 2007 - Instrumental Mix,6795129103855912961,286800,1326,1949,2500000,68300,1600000,176
6838335204839427334,1592173990,krysmay,Calabria 2007 - Instrumental Mix,6795129103855912961,282000,4460,2612,1200000,3100000,89700000,199
6865833084919500037,1598576347,krysmay,Calabria 2007 - Instrumental Mix,6795129103855912961,277100,5816,6742,1800000,3100000,89700000,199
6829096176562785542,1590022861,germandan,Calabria 2007 - Instrumental Mix,6795129103855912961,257600,1175,1239,2700000,438900,9500000,82
6873244510134996229,1600301952,krysmay,Calabria 2007 - Instrumental Mix,6795129103855912961,248000,2967,3764,1800000,3100000,89700000,199
6832406378414345478,1590793576,krysmay,Calabria 2007 - Instrumental Mix,6795129103855912961,230100,6917,3487,1100000,3100000,89700000,199
6891426135108816129,1604535187,ilysmnails,Calabria 2007 - Instrumental Mix,6795129103855912961,191200,282,367,2400000,1200000,40700000,1028
6832818705890675974,1590889579,ferandmau,Calabria 2007 - Instrumental Mix,6795129103855912961,187800,716,461,1100000,906700,23900000,533
6857659151401766150,1596673201,casey_rosenberg,Calabria 2007 - Instrumental Mix,6795129103855912961,186500,4500,1392,1300000,682000,15300000,579
6892497446727863553,1604784619,ilysmnails,Calabria 2007 - Instrumental Mix,6795129103855912961,195700,335,204,1300000,1200000,40700000,1028
6891808101926718726,1604624148,mattloveshair,Calabria 2007 - Instrumental Mix,6795129103855912961,163100,3248,956,955300,396400,13400000,409
6835717319503711494,1591564464,krysmay,Calabria 2007 - Instrumental Mix,6795129103855912961,154400,638,627,790900,3100000,89700000,199
6891804224334892293,1604623246,krysmay,Calabria 2007 - Instrumental Mix,6795129103855912961,146800,451,1348,762900,3100000,89700000,199
6816413250482162950,1587069886,madswalk,Calabria 2007 - Instrumental Mix,6795129103855912961,144200,301,213,534300,4831,295600,1339
6892504951625420037,1604786398,6ourt,Calabria 2007 - Instrumental Mix,6795129103855912961,124400,625,430,431100,53300,1500000,25
6891131333305781510,1604466604,arianafeygin,Calabria 2007 - Instrumental Mix,6795129103855912961,118400,570,917,457900,1200000,15200000,92
6827098747978157317,1589557797,krysmay,Calabria 2007 - Instrumental Mix,6795129103855912961,114300,1199,543,492200,3100000,89700000,199
6821283811754626310,1588203903,x.mara2x,Calabria 2007 - Instrumental Mix,6795129103855912961,113400,249,511,660500,22500,171000,163
6854274748264877317,1595885204,owenpapp,Calabria 2007 - Instrumental Mix,6795129103855912961,89300,978,567,423100,24500,646800,87
6891905030442503430,1604646831,thebeebeegunn,Calabria 2007 - Instrumental Mix,6795129103855912961,87200,188,732,963600,513400,18200000,946
6862902700498046213,1597894064,tommie_rodriguez,Calabria 2007 - Instrumental Mix,6795129103855912961,86600,223,2358,240800,1200000,35300000,182
6891842913987284230,1604632259,colewherld,Calabria 2007 - Instrumental Mix,6795129103855912961,86700,4717,641,804100,483700,9400000,529
6864092447706795269,1598171076,themightyped,Calabria 2007 - Instrumental Mix,6795129103855912961,79700,170,80,1000000,2525,139000,97
6822084138787523846,1588390246,crustykrest,Calabria 2007 - Instrumental Mix,6795129103855912961,77500,175,177,329100,351000,5300000,157
6830947762243161350,1590453967,laurenmcquen,Calabria 2007 - Instrumental Mix,6795129103855912961,75600,127,164,752000,3329,76400,17
6891531107284602118,1604559757,alluringskull,Calabria 2007 - Instrumental Mix,6795129103855912961,73200,623,1679,188900,1200000,129200000,2860
6822016470147484934,1588374488,draykeaf,Calabria 2007 - Instrumental Mix,6795129103855912961,72300,654,1564,396600,837700,40200000,2477
6827607392679644422,1589676225,malindapanton103,Calabria 2007 - Instrumental Mix,6795129103855912961,69500,112,374,530700,1100000,14700000,135
6891350948841622789,1604517723,razzrightnow,Calabria 2007 - Instrumental Mix,6795129103855912961,67400,10300,1284,409800,54600,681900,33
6866384838438505733,1598704811,xxkhaleel,Calabria 2007 - Instrumental Mix,6795129103855912961,67300,147,735,293300,1300000,68600000,1357
6862143808667208965,1597717369,dtx_jaychris,Calabria 2007 - Instrumental Mix,6795129103855912961,67000,864,410,214800,228000,7600000,1901
6860353786507005190,1597300603,slem._,Calabria 2007 - Instrumental Mix,6795129103855912961,65900,352,442,336400,6458,524600,32
6812305885356969222,1586113566,kirsten.burkholder,Calabria 2007 - Instrumental Mix,6795129103855912961,59100,759,197,878100,10100,321800,157
6844251954617584901,1593551590,serranolikethepepper,Calabria 2007 - Instrumental Mix,6795129103855912961,55700,88,224,704200,1515,149300,36
6814143637287488774,1586541451,brytime101,Calabria 2007 - Instrumental Mix,6795129103855912961,55500,1487,201,277900,1859,63900,80
6814289651373804806,1586575457,cekimberlin,Calabria 2007 - Instrumental Mix,6795129103855912961,54900,3632,343,810600,445,54900,1
6892181401550982405,1604711064,haleywestco,Calabria 2007 - Instrumental Mix,6795129103855912961,54700,298,242,452500,251900,4900000,63
6833492517116185861,1591046463,lex.rose.22,Calabria 2007 - Instrumental Mix,6795129103855912961,54100,84,129,274800,31400,1300000,201
6812317461396983045,1586116261,itszoeybutnoy,Calabria 2007 - Instrumental Mix,6795129103855912961,54000,379,304,411000,2431,55300,13
6856181643082730757,1596329191,ricky.dobbs,Calabria 2007 - Instrumental Mix,6795129103855912961,53800,1118,87,508200,572,57300,71
6816406770538384646,1587068377,brat,Calabria 2007 - Instrumental Mix,6795129103855912961,53500,113,251,193100,1500000,44100000,350
6855292118127119621,1596122079,mtcc_amyh,Calabria 2007 - Instrumental Mix,6795129103855912961,53100,22,57,196700,422,56600,57
6891802222976437509,1604622782,marenaltman,Calabria 2007 - Instrumental Mix,6795129103855912961,52500,3470,1181,244000,523200,12400000,648
6892153940239011077,1604704673,arabicmclovin,Calabria 2007 - Instrumental Mix,6795129103855912961,47100,131,349,230100,599900,22900000,301
6822400484641344774,1588463897,gabriella.lozada,Calabria 2007 - Instrumental Mix,6795129103855912961,44600,67,84,871400,2046,45300,20
6823938810859080965,1588822070,jrstuber,Calabria 2007 - Instrumental Mix,6795129103855912961,39100,337,402,146000,553800,16900000,864
6817235347387272454,1587261296,ebonylatashe,Calabria 2007 - Instrumental Mix,6795129103855912961,37900,65,226,466500,2200000,35900000,942
6888824981732510982,1603929588,skylarfongsupersatisfied,Calabria 2007 - Instrumental Mix,6795129103855912961,37300,252,433,277900,3500000,117500000,1422
6891749096755924230,1604610418,thegoldenbalance,Calabria 2007 - Instrumental Mix,6795129103855912961,36800,234,348,302800,2600000,45400000,609
6889519112356203781,1604091209,matthewinthekitchen,Calabria 2007 - Instrumental Mix,6795129103855912961,34300,88,407,140900,1400000,33800000,235
6849737238620769541,1594828733,carlosexplains,Calabria 2007 - Instrumental Mix,6795129103855912961,33700,784,805,356300,1300000,14600000,95
6892461321011350790,1604776240,mattloveshair,Calabria 2007 - Instrumental Mix,6795129103855912961,33400,18,93,344900,396400,13400000,409
6862787078720081158,1597867138,sheabae25,Calabria 2007 - Instrumental Mix,6795129103855912961,30900,281,227,148500,531900,8400000,117
6811189243315047686,1585853577,katpacher,Calabria 2007 - Instrumental Mix,6795129103855912961,30700,894,95,247700,281900,5500000,528
6889946193074457862,1604190642,thass.lijah,Calabria 2007 - Instrumental Mix,6795129103855912961,29600,88,115,105400,465900,17800000,741
6891438886690508037,1604538181,sarajamss,Calabria 2007 - Instrumental Mix,6795129103855912961,26900,146,436,88500,97200,5000000,378
6890306237871803653,1604274470,fabitoestilos,Calabria 2007 - Instrumental Mix,6795129103855912961,25800,768,136,511300,10500,28700,25
6888180770461060358,1603779699,szaring,Calabria 2007 - Instrumental Mix,6795129103855912961,25400,1028,48,229100,301,30600,6
6830910928641395974,1590445392,twinf1ame_,Calabria 2007 - Instrumental Mix,6795129103855912961,24800,138,93,141200,9417,107000,45
6863860623852326150,1598117092,._silkysm,Calabria 2007 - Instrumental Mix,6795129103855912961,24500,119,318,208100,51400,2300000,301
6816417577112194309,1587070894,philadelphiaeagles,Calabria 2007 - Instrumental Mix,6795129103855912961,23600,130,174,177100,1000000,17800000,334
6891832622473956613,1604629861,noelmulk0,Calabria 2007 - Instrumental Mix,6795129103855912961,22400,30,156,140000,136300,6400000,165
6872354656731942150,1600094784,adrianxvi,Calabria 2007 - Instrumental Mix,6795129103855912961,22300,640,254,187900,19100,1200000,235
6891352710495456517,1604518132,marenaltman,Calabria 2007 - Instrumental Mix,6795129103855912961,21700,621,306,139800,523200,12400000,648
6811983373901270277,1586038474,gmattblackman,Calabria 2007 - Instrumental Mix,6795129103855912961,21500,499,65,390000,2736,23300,45
6825318124594793733,1589143213,cutiebatuuti,Calabria 2007 - Instrumental Mix,6795129103855912961,21400,250,166,73700,598,26200,14
6876602961204727046,1601083983,whozjaylin,Calabria 2007 - Instrumental Mix,6795129103855912961,20000,643,648,78500,63100,936300,439
6892545831933660417,1604795886,mile.and.kai,Calabria 2007 - Instrumental Mix,6795129103855912961,19600,22,204,76300,524100,10600000,270
6812255266990509318,1586101781,maskedancetutorials,Calabria 2007 - Instrumental Mix,6795129103855912961,18900,168,274,135500,671000,13200000,286
6825549877661994245,1589197175,sayyumantha,Calabria 2007 - Instrumental Mix,6795129103855912961,18700,133,64,413400,503,19400,27
6891408171286482178,1604531004,cdbartending,Calabria 2007 - Instrumental Mix,6795129103855912961,18200,275,490,95600,720200,6100000,200
6838021947360562438,1592101055,ferandmau,Calabria 2007 - Instrumental Mix,6795129103855912961,16600,21,70,144500,906700,23900000,533
6892159357870476545,1604705903,xoradmagical,Calabria 2007 - Instrumental Mix,6795129103855912961,16500,171,267,69900,51600,461800,222
6891706453053197573,1604600500,ike1a,Calabria 2007 - Instrumental Mix,6795129103855912961,16100,59,323,149600,5625,195100,6
6869177270947302662,1599354973,playboijdub,Calabria 2007 - Instrumental Mix,6795129103855912961,15500,34,110,67000,35100,476500,115
6891367622105992454,1604521600,nene_la_shiro,Calabria 2007 - Instrumental Mix,6795129103855912961,15200,33,262,71700,813100,12400000,210
6892615637319896326,1604812180,callmebelly,Calabria 2007 - Instrumental Mix,6795129103855912961,14600,146,92,60100,496400,8200000,717
6871337074818092290,1599857838,miss.spin_gabi,Calabria 2007 - Instrumental Mix,6795129103855912961,14600,38,93,36900,248600,6800000,191
6843441282044546309,1593362840,lex.rose.22,Calabria 2007 - Instrumental Mix,6795129103855912961,14400,31,39,113000,31400,1300000,201
6852484360696827141,1595468347,ferandmau,Calabria 2007 - Instrumental Mix,6795129103855912961,14300,16,92,140800,906700,23900000,533
6891794389773896961,1604620928,ilysmnails,Calabria 2007 - Instrumental Mix,6795129103855912961,14200,20,81,58900,1200000,40700000,1028
6892497636583148805,1604784698,marenaltman,Calabria 2007 - Instrumental Mix,6795129103855912961,14200,1103,1169,91400,523200,12400000,648
6814570789921115398,1586640904,allisonrainn3,Calabria 2007 - Instrumental Mix,6795129103855912961,13200,164,28,310600,155600,990900,180
6813903430604573957,1586485523,heylexiporter,Calabria 2007 - Instrumental Mix,6795129103855912961,12900,464,74,224200,3043,330500,77
6892945621657898245,1604888997,foodiemobbb,Calabria 2007 - Instrumental Mix,6795129103855912961,12700,1167,143,90200,451900,7400000,198
6873167818569846021,1600284096,luca.denhard,Calabria 2007 - Instrumental Mix,6795129103855912961,12400,96,254,245500,81300,2300000,1824
6830479107726396677,1590344848,2_kingpinss,Calabria 2007 - Instrumental Mix,6795129103855912961,12100,21,64,136800,2517,38700,6
6815789230531316997,1586924595,7girls1squad,Calabria 2007 - Instrumental Mix,6795129103855912961,12000,590,104,214300,206,12600,12
6845068642703510789,1593741742,ferandmau,Calabria 2007 - Instrumental Mix,6795129103855912961,11900,13,107,115300,906700,23900000,533
6893165085326314757,1604940119,iwondertv,Calabria 2007 - Instrumental Mix,6795129103855912961,11600,890,290,83100,51300,491500,70
6830074313824111877,1590250600,_nataaalliiee,Calabria 2007 - Instrumental Mix,6795129103855912961,11300,74,338,71000,271,11700,6
6887630706529357061,1603651528,draytn_52816,Calabria 2007 - Instrumental Mix,6795129103855912961,11200,10,126,44900,247000,9200000,2422
6848772225655442693,1594604049,officernasty.ig,Calabria 2007 - Instrumental Mix,6795129103855912961,11100,74,164,54300,782100,19100000,822
6819049141419707653,1587683601,closofly,Calabria 2007 - Instrumental Mix,6795129103855912961,11000,55,16,344800,2892,404500,49
6892530840258104582,1604792428,blainemcintosh77,Calabria 2007 - Instrumental Mix,6795129103855912961,11000,13,86,34400,130100,2400000,38
6891301772581670145,1604506229,victoryaguzue,Calabria 2007 - Instrumental Mix,6795129103855912961,10700,3,14,59100,144500,5700000,1084
6892256315746340102,1604728533,juvian.official,Calabria 2007 - Instrumental Mix,6795129103855912961,10500,137,159,127000,87600,2500000,241
6861352779760405765,1597533190,the_regulators_again,Calabria 2007 - Instrumental Mix,6795129103855912961,10300,110,75,124300,1300000,26100000,1344
6854241700085320966,1595877509,coledickey,Calabria 2007 - Instrumental Mix,6795129103855912961,9807,206,30,118900,131200,4000000,136
6892194057473346818,1604713981,markymath,Calabria 2007 - Instrumental Mix,6795129103855912961,9642,79,152,36300,295500,4300000,672
6892650855137365253,1604820435,lafoodieguy,Calabria 2007 - Instrumental Mix,6795129103855912961,9626,153,241,56300,374900,5100000,214
6817198903184592134,1587252810,lucysobel4,Calabria 2007 - Instrumental Mix,6795129103855912961,8900,132,67,417100,809,9717,17
6868463805379169542,1599188861,dtx_jaychris,Calabria 2007 - Instrumental Mix,6795129103855912961,8731,13,441,89100,228000,7600000,1901
6891115909440752901,1604462995,dochelp,Calabria 2007 - Instrumental Mix,6795129103855912961,8632,104,312,194300,73300,2100000,81
6892416930238582022,1604765924,trickshot_ceo,Calabria 2007 - Instrumental Mix,6795129103855912961,8558,139,51,98000,1100000,6900000,131
6890569728675384581,1604335838,sarajamss,Calabria 2007 - Instrumental Mix,6795129103855912961,8551,62,198,30000,97200,5000000,378
6892842470191779073,1604864951,ilysmnails,Calabria 2007 - Instrumental Mix,6795129103855912961,8344,6,31,41900,1200000,40700000,1028
6892383902376135941,1604758276,aarongarcia956,Calabria 2007 - Instrumental Mix,6795129103855912961,8185,967,73,70700,14500,292800,73
6891456458601352454,1604542276,susiestellar,Calabria 2007 - Instrumental Mix,6795129103855912961,8006,49,185,98000,118200,1100000,272
6892437271627255045,1604770640,am.shifts2cook,Calabria 2007 - Instrumental Mix,6795129103855912961,7904,101,452,21200,33600,1200000,238
6818962227408801029,1587663366,utahjazzdancers,Calabria 2007 - Instrumental Mix,6795129103855912961,7857,58,45,70000,2350,21500,5
6848764060104805637,1594602148,unedanceteam,Calabria 2007 - Instrumental Mix,6795129103855912961,7679,74,19,71300,206,7832,2
6860616442665012485,1597361749,uhowen,Calabria 2007 - Instrumental Mix,6795129103855912961,7366,30,63,55200,285500,8100000,816
6892335588238822661,1604747371,charlieclassic,Calabria 2007 - Instrumental Mix,6795129103855912961,7013,18,133,40100,1100000,19700000,730
6810084021582744838,1585596247,scotterly,Calabria 2007 - Instrumental Mix,6795129103855912961,7003,128,37,42400,162300,2500000,156
6892882960471690501,1604874413,susiestellar,Calabria 2007 - Instrumental Mix,6795129103855912961,6637,13,46,45500,118200,1100000,272
6862510060250123525,1597802642,elisaberrinigomez,Calabria 2007 - Instrumental Mix,6795129103855912961,6601,109,238,38700,137500,1800000,250
6821322319839988997,1588212869,olemissrebelettes,Calabria 2007 - Instrumental Mix,6795129103855912961,6076,50,16,55700,3903,51500,12
6820211554412236037,1587954247,isabellaagarciaa,Calabria 2007 - Instrumental Mix,6795129103855912961,5982,17,61,29500,36700,828500,145
6891337278308797697,1604514496,olivialeclerc1,Calabria 2007 - Instrumental Mix,6795129103855912961,5944,24,37,29000,184500,4200000,165
6833559872550751494,1591062145,ferandmau,Calabria 2007 - Instrumental Mix,6795129103855912961,5904,8,31,66600,906700,23900000,533
6892479506028776709,1604780475,spicednice,Calabria 2007 - Instrumental Mix,6795129103855912961,5884,48,71,35200,213000,2800000,283
6821217077215431941,1588188364,boomerandsooner,Calabria 2007 - Instrumental Mix,6795129103855912961,5825,48,76,31500,82200,715400,40
6892913946190269698,1604881595,oliprimeau,Calabria 2007 - Instrumental Mix,6795129103855912961,5494,220,332,65500,51900,922300,86
6891407382555921665,1604530820,adrinavid,Calabria 2007 - Instrumental Mix,6795129103855912961,5450,86,104,28500,233900,2100000,115
6892063815542820101,1604683706,crystalandbilly,Calabria 2007 - Instrumental Mix,6795129103855912961,5399,160,49,80700,96400,1900000,106
6892561973397998853,1604799673,vixenrose1997,Calabria 2007 - Instrumental Mix,6795129103855912961,5395,4,3,53500,1232,9916,116
6888878882649410818,1603942108,roedayos,Calabria 2007 - Instrumental Mix,6795129103855912961,5314,17,104,25400,115400,1300000,280
6891323501840534789,1604511337,justice.dodson,Calabria 2007 - Instrumental Mix,6795129103855912961,5288,16,144,40500,335800,8000000,332
6890207863390686469,1604251571,zambamm19,Calabria 2007 - Instrumental Mix,6795129103855912961,5260,2,92,31600,333100,6200000,145
6863261329113746694,1597977562,loganbegay,Calabria 2007 - Instrumental Mix,6795129103855912961,5180,137,77,19600,117800,2300000,319
6816940195544403206,1587192576,oliviawareagle,Calabria 2007 - Instrumental Mix,6795129103855912961,5177,128,187,52400,261,7006,8
6861237838021709061,1597506427,daddyydd,Calabria 2007 - Instrumental Mix,6795129103855912961,5164,12,28,21300,60400,873300,168
6812787436242947334,1586225685,imactuallylily,Calabria 2007 - Instrumental Mix,6795129103855912961,5123,59,30,24200,134800,14600000,868
6863483743433149702,1598029343,owenpapp,Calabria 2007 - Instrumental Mix,6795129103855912961,4947,5,40,20600,24500,646800,87
6812305572138945798,1586113492,classycleanchic,Calabria 2007 - Instrumental Mix,6795129103855912961,4918,176,53,103900,333500,4200000,344
6889205655467609345,1604018191,uhowen,Calabria 2007 - Instrumental Mix,6795129103855912961,4894,10,22,19000,285500,8100000,816
6892796661911801094,1604854326,klutchshot,Calabria 2007 - Instrumental Mix,6795129103855912961,4630,2,155,25800,279700,3200000,664
6861741904933948677,1597623791,bobbybam,Calabria 2007 - Instrumental Mix,6795129103855912961,4624,25,63,30900,66100,783600,61
6862090427562986758,1597704936,daddyydd,Calabria 2007 - Instrumental Mix,6795129103855912961,4600,13,40,20300,60400,873300,168
6892554466084556038,1604797923,hungry_fam,Calabria 2007 - Instrumental Mix,6795129103855912961,4547,4,49,20300,691400,18300000,792
6892578259532254470,1604803462,leoscheck,Calabria 2007 - Instrumental Mix,6795129103855912961,4457,73,64,15100,75900,2600000,233
6888874093727206661,1603941033,dtx_jaychris,Calabria 2007 - Instrumental Mix,6795129103855912961,4281,19,40,17400,228000,7600000,1901
6854666560846499078,1595976430,uhowen,Calabria 2007 - Instrumental Mix,6795129103855912961,4205,9,38,27900,285500,8100000,816
6892888007439879430,1604875586,some.random.individuals,Calabria 2007 - Instrumental Mix,6795129103855912961,4435,20,228,17500,244000,3200000,176
6824238666160803078,1588891883,tatumoberly,Calabria 2007 - Instrumental Mix,6795129103855912961,4107,455,43,55300,109,4439,13
6892981260281515270,1604897316,jadephoenyx,Calabria 2007 - Instrumental Mix,6795129103855912961,4153,36,41,27700,18900,58500,107
6890370227968724229,1604289377,pattibroussard,Calabria 2007 - Instrumental Mix,6795129103855912961,4007,3,31,39100,355000,5500000,506
6861329696336923909,1597527814,owenpapp,Calabria 2007 - Instrumental Mix,6795129103855912961,4004,129,60,16300,24500,646800,87
6888855258622102790,1603936638,michaeloftiktok,Calabria 2007 - Instrumental Mix,6795129103855912961,3975,69,268,25800,77400,3200000,78
6819377398140652806,1587760030,zolabreche,Calabria 2007 - Instrumental Mix,6795129103855912961,3932,56,26,36500,44700,964400,79
6821959397871242502,1588361198,imbaddiesonly,Calabria 2007 - Instrumental Mix,6795129103855912961,3918,39,22,259100,1500000,20600000,219
6861605389612436742,1597592006,daddyydd,Calabria 2007 - Instrumental Mix,6795129103855912961,3809,20,35,19400,60400,873300,168
6889123373599706370,1603999031,officerarsenault,Calabria 2007 - Instrumental Mix,6795129103855912961,3729,35,110,44100,654600,6200000,133
6831706095019478277,1590630529,maudeleonn,Calabria 2007 - Instrumental Mix,6795129103855912961,3717,30,47,24000,502600,21800000,1738
6863141127537626373,1597949572,garrett2403,Calabria 2007 - Instrumental Mix,6795129103855912961,3716,9,27,15400,88700,1400000,173
6888914228124650753,1603950337,nataniailusa,Calabria 2007 - Instrumental Mix,6795129103855912961,3668,6,46,22200,50100,744500,51
6854781925308124421,1596003295,great.value.bron.n.huddy,Calabria 2007 - Instrumental Mix,6795129103855912961,3664,3,41,20400,189700,4200000,1189
6861458683474267397,1597557854,iatemychicken,Calabria 2007 - Instrumental Mix,6795129103855912961,3374,35,56,32200,93000,1700000,266
6891024434551934214,1604441689,kenzigreendesign,Calabria 2007 - Instrumental Mix,6795129103855912961,3341,6,108,22300,13100,181000,239
6892229325710429446,1604722228,eyal_apex,Calabria 2007 - Instrumental Mix,6795129103855912961,3293,35,98,11700,696,17300,18
6892432167385844997,1604769450,bauerbeauty,Calabria 2007 - Instrumental Mix,6795129103855912961,3222,52,83,43900,286200,2700000,154
6862195798814231814,1597729477,igotmancakes,Calabria 2007 - Instrumental Mix,6795129103855912961,3161,47,236,32700,37100,2300000,130
6892903225419189510,1604879131,livhahn,Calabria 2007 - Instrumental Mix,6795129103855912961,3149,21,58,15100,2993,33100,116
6815293538331282693,1586809183,blackgirltiks,Calabria 2007 - Instrumental Mix,6795129103855912961,3142,39,15,24000,47000,1000000,46
6876451069589802245,1601048591,fatmahforever,Calabria 2007 - Instrumental Mix,6795129103855912961,3134,26,57,13100,28100,471000,77
6813792959637572869,1586459801,vrosecaa,Calabria 2007 - Instrumental Mix,6795129103855912961,3130,29,85,58700,141,4390,18
6828592315267845381,1589905545,universityofga,Calabria 2007 - Instrumental Mix,6795129103855912961,3071,109,51,23000,21600,144200,30
6810857238970830085,1585776277,keirstinpiatt,Calabria 2007 - Instrumental Mix,6795129103855912961,2985,254,9,38700,25100,875900,167
6838374635856334086,1592183172,lionheartedxo,Calabria 2007 - Instrumental Mix,6795129103855912961,2981,11,6,81000,616,3409,64
6817479058255973637,1587318039,alyonashchennikova,Calabria 2007 - Instrumental Mix,6795129103855912961,2971,28,24,15700,14200,349700,102
6892100425906998533,1604692221,jack.keating_,Calabria 2007 - Instrumental Mix,6795129103855912961,2957,6,27,24700,21100,283700,119
6891849124598074630,1604633709,c.kworthington,Calabria 2007 - Instrumental Mix,6795129103855912961,2936,11,17,11700,137200,4300000,526
6892474304798182661,1604779264,devynshifting,Calabria 2007 - Instrumental Mix,6795129103855912961,3002,33,115,8037,26800,706900,130
6892405419138977029,1604763253,heybriajones,Calabria 2007 - Instrumental Mix,6795129103855912961,3088,5,11,14100,361700,11100000,339
6889923985329360133,1604185470,anacer87,Calabria 2007 - Instrumental Mix,6795129103855912961,2841,0,115,38200,151000,1800000,381
6891716310112177414,1604602796,iwondertv,Calabria 2007 - Instrumental Mix,6795129103855912961,2804,455,225,46100,51300,491500,70
6891813689536679174,1604625450,lowcountrychi,Calabria 2007 - Instrumental Mix,6795129103855912961,2794,27,49,13700,129900,1300000,113
6892946897892314374,1604889298,pacollective,Calabria 2007 - Instrumental Mix,6795129103855912961,2785,17,36,28000,63300,978900,218
6890633812108217605,1604350740,28walle,Calabria 2007 - Instrumental Mix,6795129103855912961,2755,4,43,18400,568,21700,73
6892819115740794118,1604859551,bibletalk2,Calabria 2007 - Instrumental Mix,6795129103855912961,2709,37,227,17500,290400,7100000,1251
6854741981961178373,1595993992,eljoe69,Calabria 2007 - Instrumental Mix,6795129103855912961,2665,32,62,66400,1900,416400,250
6824291650144128262,1588904219,clentandsteph,Calabria 2007 - Instrumental Mix,6795129103855912961,2623,20,29,51900,107800,2300000,84
6862325075958304005,1597759571,daddyydd,Calabria 2007 - Instrumental Mix,6795129103855912961,2618,6,32,13200,60400,873300,168
6891976740478995718,1604663684,nora.villalobos,Calabria 2007 - Instrumental Mix,6795129103855912961,2572,64,20,35800,159000,758700,231
6890324532079398146,1604278699,charlenelizette,Calabria 2007 - Instrumental Mix,6795129103855912961,2524,55,316,12100,36400,315400,171
6834141662982180101,1591197604,psychic_eden,Calabria 2007 - Instrumental Mix,6795129103855912961,2522,60,385,10500,2494,104300,130
6854263205083024645,1595882516,thekingoflaughs,Calabria 2007 - Instrumental Mix,6795129103855912961,2494,40,17,46200,42400,1800000,176
6892019230737206534,1604673364,cornflowergrl,Calabria 2007 - Instrumental Mix,6795129103855912961,2478,4,13,8337,142400,5000000,544
6887945349701324038,1603724814,gain.train.trains,Calabria 2007 - Instrumental Mix,6795129103855912961,2378,5544,2221,12100,258100,1400000,230
6869464377846729989,1599421823,slimsadi,Calabria 2007 - Instrumental Mix,6795129103855912961,2377,35,108,12200,52400,1500000,153
6891722005461191941,1604604123,ezra_eugene,Calabria 2007 - Instrumental Mix,6795129103855912961,2374,7,106,15200,62700,2000000,95
6893179413991591174,1604943455,royal_robles,Calabria 2007 - Instrumental Mix,6795129103855912961,2286,21,55,4329,112400,1800000,72
6889051355390971142,1603982339,j_rone,Calabria 2007 - Instrumental Mix,6795129103855912961,2261,7,31,22000,17600,88700,43
6892141892146924806,1604701868,daeholee_grail,Calabria 2007 - Instrumental Mix,6795129103855912961,2233,1,43,26900,1297,34200,121
6821266867844418822,1588199958,mlmccarty,Calabria 2007 - Instrumental Mix,6795129103855912961,2218,9,43,24500,41300,2100000,89
6863257740207213830,1597976727,damosgym,Calabria 2007 - Instrumental Mix,6795129103855912961,2117,16,45,23900,152500,5100000,85
6834555947638115590,1591294061,myani.vibez,Calabria 2007 - Instrumental Mix,6795129103855912961,2041,3,9,8734,163900,4700000,1333
6855392192492489990,1596145379,ethanishung,Calabria 2007 - Instrumental Mix,6795129103855912961,2031,57,71,45200,27100,972600,114
6892972244578962694,1604895205,thetrashwalker,Calabria 2007 - Instrumental Mix,6795129103855912961,2001,1,15,11200,64800,987700,89
6819139261221080326,1587704585,bando2tatted,Calabria 2007 - Instrumental Mix,6795129103855912961,1980,42,25,31100,409500,6000000,454
6819722421898071301,1587840363,tamsinformon,Calabria 2007 - Instrumental Mix,6795129103855912961,1965,5,10,12300,163900,7500000,861
6822710218271509765,1588536012,sarahmurrell13,Calabria 2007 - Instrumental Mix,6795129103855912961,1946,40,40,54100,30300,1500000,2021
6891819148360387845,1604626724,easylife0007,Calabria 2007 - Instrumental Mix,6795129103855912961,1931,17,8,21300,595800,3300000,355
6821234867523702022,1588192507,trisdianne,Calabria 2007 - Instrumental Mix,6795129103855912961,1928,3,5,7483,27900,1300000,410
6813120766582820101,1586303295,agoodz,Calabria 2007 - Instrumental Mix,6795129103855912961,1921,7,14,15700,37600,755700,105
6876452015719861509,1601048810,fatmahforever,Calabria 2007 - Instrumental Mix,6795129103855912961,1896,9,26,9319,28100,471000,77
6891042830131744006,1604445972,hopedieslast26,Calabria 2007 - Instrumental Mix,6795129103855912961,1895,4,65,16700,34700,472600,356
6827470596624960773,1589644376,ivyzh.ou,Calabria 2007 - Instrumental Mix,6795129103855912961,1884,25,7,25300,534000,6800000,279
6891387038386490629,1604526117,fan.mug,Calabria 2007 - Instrumental Mix,6795129103855912961,1853,4,120,14400,19400,543000,19
6891702703899102469,1604599628,asapmonny,Calabria 2007 - Instrumental Mix,6795129103855912961,1868,23,34,18100,364600,5100000,1131
6890963725973523718,1604427559,arelgi,Calabria 2007 - Instrumental Mix,6795129103855912961,1825,571,44,23000,8411,86000,99
6891400558154927365,1604529263,edmybonilla,Calabria 2007 - Instrumental Mix,6795129103855912961,1793,28,6,20400,595,13800,23
6892192434495720709,1604713632,shavaus_,Calabria 2007 - Instrumental Mix,6795129103855912961,1853,0,64,6852,73300,1100000,185
6818565292449484038,1587570948,majorlazer,Calabria 2007 - Instrumental Mix,6795129103855912961,1752,18,13,15200,125600,257600,181
6891881742265748738,1604641265,meatguru,Calabria 2007 - Instrumental Mix,6795129103855912961,1747,51,5,35300,178500,808000,484
6891117558137752837,1604463382,nora.villalobos,Calabria 2007 - Instrumental Mix,6795129103855912961,1715,13,54,29000,159000,758700,231
6810783135383489797,1585759023,marleybanton,Calabria 2007 - Instrumental Mix,6795129103855912961,1702,18,18,22700,133100,3300000,256
6891322748140834050,1604511113,enchantingspiritqueen,Calabria 2007 - Instrumental Mix,6795129103855912961,1695,66,414,7529,71300,431300,130
6888878449193241862,1603942049,elisasquinceanera,Calabria 2007 - Instrumental Mix,6795129103855912961,1691,36,5,30900,22700,105200,163
6855407980947442950,1596149055,berikhuncho,Calabria 2007 - Instrumental Mix,6795129103855912961,1682,12,23,9832,32700,616700,97
6832488115815320838,1590812607,calliefrakes,Calabria 2007 - Instrumental Mix,6795129103855912961,1682,1,8,9873,43600,2000000,21
6878675769183259910,1601566567,realminecraftcat,Calabria 2007 - Instrumental Mix,6795129103855912961,1679,47,50,16600,10500,178200,134
6862174212522626310,1597724450,drippy_hokage,Calabria 2007 - Instrumental Mix,6795129103855912961,1677,19,52,8846,135800,1100000,831
6815368509447621893,1586826638,the.lo_down,Calabria 2007 - Instrumental Mix,6795129103855912961,1670,123,80,41600,52200,1700000,313
6891744581004676357,1604609370,queermvmt,Calabria 2007 - Instrumental Mix,6795129103855912961,1675,51,79,8375,37700,607300,188
6889853011322080518,1604168948,conservativeminer69er,Calabria 2007 - Instrumental Mix,6795129103855912961,1650,4,33,9169,268900,7800000,873
6891362308593863937,1604520324,hottestmakeuptutorial,Calabria 2007 - Instrumental Mix,6795129103855912961,1657,10,20,14800,78100,1200000,1718
6891127863899065605,1604465788,unlimitedconnor,Calabria 2007 - Instrumental Mix,6795129103855912961,1620,10,169,12800,46500,448600,153
6841252490525117702,1592853222,jopinillaa,Calabria 2007 - Instrumental Mix,6795129103855912961,1612,1,11,7967,215300,2900000,648
6889615761883548929,1604113676,chriszzibanga,Calabria 2007 - Instrumental Mix,6795129103855912961,1583,14,87,6109,869,37800,71
6890342110881434886,1604282822,okcallie,Calabria 2007 - Instrumental Mix,6795129103855912961,1544,16,27,17700,201600,1700000,92
6887836104301546757,1603699596,sabscandyshop,Calabria 2007 - Instrumental Mix,6795129103855912961,1509,5,10,8039,183800,2300000,87
6860616021414300933,1597361651,kornyfrognamedbruce,Calabria 2007 - Instrumental Mix,6795129103855912961,1507,10,20,9632,158300,6800000,1197
6831014689929956613,1590469549,jimmygotsouuul,Calabria 2007 - Instrumental Mix,6795129103855912961,1459,3,24,24000,106200,672700,236
6812396553492335877,1586134677,bigdilemma,Calabria 2007 - Instrumental Mix,6795129103855912961,1436,7,16,10800,13000,851100,224
6888736508681915654,1603908982,rocknrags,Calabria 2007 - Instrumental Mix,6795129103855912961,1415,2,24,13100,141800,5400000,561
6862145109664845061,1597717671,rvptorr1,Calabria 2007 - Instrumental Mix,6795129103855912961,1408,1,7,6978,67600,1200000,279
6892488941673434373,1604782668,lilly27sings,Calabria 2007 - Instrumental Mix,6795129103855912961,1387,2,13,4385,66800,3100000,148
6856936171751132422,1596504870,thegingerbanks,Calabria 2007 - Instrumental Mix,6795129103855912961,1383,17,16,82000,228200,2400000,2144
6851408669117025541,1595217895,iemvee,Calabria 2007 - Instrumental Mix,6795129103855912961,1376,10,10,9105,24600,99800,47
6892235183613807878,1604723593,redditgeeks,Calabria 2007 - Instrumental Mix,6795129103855912961,1369,2,15,4559,61500,1100000,53
6892927405468519685,1604884755,garyantonio_,Calabria 2007 - Instrumental Mix,6795129103855912961,1511,5,9,5533,248700,4200000,739
6850659900482260229,1595043558,case_widman,Calabria 2007 - Instrumental Mix,6795129103855912961,1342,33,60,6242,73300,1700000,185
6876453011221253381,1601049040,fatmahforever,Calabria 2007 - Instrumental Mix,6795129103855912961,1335,5,43,7135,28100,471000,77
6812007338459794693,1586044054,steven.aldridge,Calabria 2007 - Instrumental Mix,6795129103855912961,1331,4,32,6263,207300,3900000,1180
6887713488383298821,1603670796,coreyyjamarr,Calabria 2007 - Instrumental Mix,6795129103855912961,1329,0,19,14100,90100,4100000,939
6815369857396133125,1586826953,liltee.md,Calabria 2007 - Instrumental Mix,6795129103855912961,1327,21,22,24700,42300,726600,116
6891784754174250246,1604618721,swaggy_lemos,Calabria 2007 - Instrumental Mix,6795129103855912961,1323,31,24,5251,91800,2000000,387
6889600826583682310,1604110232,weeatfoodsoflo,Calabria 2007 - Instrumental Mix,6795129103855912961,1309,151,12,10700,37400,770000,48
6864316348609072389,1598223202,ledonk1337,Calabria 2007 - Instrumental Mix,6795129103855912961,1289,3,30,6434,75400,3400000,240
6817973689167006981,1587433205,tamsinformon,Calabria 2007 - Instrumental Mix,6795129103855912961,1270,40,15,9013,163900,7500000,861
6862199374215253254,1597730312,micah.legend_,Calabria 2007 - Instrumental Mix,6795129103855912961,1264,4,61,6415,70700,4800000,2257
6865904092129053958,1598592888,kevinkempt,Calabria 2007 - Instrumental Mix,6795129103855912961,1257,8,43,11000,282600,23300000,2054
6854821665264651526,1596012545,imxavier_,Calabria 2007 - Instrumental Mix,6795129103855912961,1255,3,18,6402,52000,1500000,280
6892887308396203269,1604875423,tommyk22,Calabria 2007 - Instrumental Mix,6795129103855912961,1565,7,7,70900,1374,34900,85
6891425019574897926,1604534954,likewiseofficial,Calabria 2007 - Instrumental Mix,6795129103855912961,1245,4,347,14200,80600,2800000,290
6862339231675632901,1597762866,im0himi,Calabria 2007 - Instrumental Mix,6795129103855912961,1178,142,14,14600,979,9672,60
6889025121504333058,1603976155,mommazaid,Calabria 2007 - Instrumental Mix,6795129103855912961,1135,8,19,29200,176400,2100000,2171
6864980913332276486,1598377930,thegingerbanks,Calabria 2007 - Instrumental Mix,6795129103855912961,1123,1,14,29000,228200,2400000,2144
6815741978815352069,1586913593,laynabakerrr,Calabria 2007 - Instrumental Mix,6795129103855912961,1112,58,13,5804,18700,325400,88
6892564619924212997,1604800290,dreammaker17_,Calabria 2007 - Instrumental Mix,6795129103855912961,1106,3,21,7140,34500,326400,104
6888801801273888006,1603924179,sweettartesss,Calabria 2007 - Instrumental Mix,6795129103855912961,1106,2,52,15000,343800,3700000,425
6828730090117926149,1589937625,lex.rose.22,Calabria 2007 - Instrumental Mix,6795129103855912961,1104,7,16,8110,31400,1300000,201
6864786447522598150,1598332665,.mikepencesfly,Calabria 2007 - Instrumental Mix,6795129103855912961,1090,5,70,5792,3447,411100,44
6853695626568305925,1595750370,mynameisjaden_,Calabria 2007 - Instrumental Mix,6795129103855912961,1090,7,26,8844,1993,69200,31
6812759383265611013,1586219155,jacobbulkoski,Calabria 2007 - Instrumental Mix,6795129103855912961,1084,27,4,4096,49300,470500,102
6860677010474208518,1597375853,alexthegreat244,Calabria 2007 - Instrumental Mix,6795129103855912961,1072,11,28,7628,74700,6500000,1191
6892583167836867845,1604804606,coleywhitaker,Calabria 2007 - Instrumental Mix,6795129103855912961,1050,1,21,9572,183600,4100000,1028
6891722104656497925,1604604144,bougeestonerprincess,Calabria 2007 - Instrumental Mix,6795129103855912961,1038,1,19,7362,249600,4400000,2564
6840177952798346502,1592603038,karaunger,Calabria 2007 - Instrumental Mix,6795129103855912961,1032,1,3,19100,7456,462500,39
6860883475386371334,1597423920,bryan.2lit,Calabria 2007 - Instrumental Mix,6795129103855912961,1028,14,17,6209,2753,95600,196
6816067088323513606,1586989288,savanna_wils,Calabria 2007 - Instrumental Mix,6795129103855912961,1015,8,11,6226,5398,40600,123
6890262172333657350,1604264213,long.furby.fam,Calabria 2007 - Instrumental Mix,6795129103855912961,1015,21,39,8653,208600,4600000,163
6860277985191202054,1597282945,jenshiiii,Calabria 2007 - Instrumental Mix,6795129103855912961,1004,31,14,3393,16100,529400,313
6862348064401673477,1597764923,mannyx6,Calabria 2007 - Instrumental Mix,6795129103855912961,1002,1,14,4155,20900,739700,228
6818939091028135174,1587657980,lilydad0,Calabria 2007 - Instrumental Mix,6795129103855912961,993,10,17,9765,6501,122800,5
6890563763909446917,1604334449,anacer87,Calabria 2007 - Instrumental Mix,6795129103855912961,991,39,18,14100,151000,1800000,381
6869233028535733509,1599367957,tristanrespress,Calabria 2007 - Instrumental Mix,6795129103855912961,983,3,15,7061,283800,6800000,644
6862169724072037638,1597723402,siut_for_lofi_hiphop,Calabria 2007 - Instrumental Mix,6795129103855912961,977,0,15,6418,96900,2100000,1023
6891711453938633989,1604601664,cassielee221,Calabria 2007 - Instrumental Mix,6795129103855912961,966,10,15,3379,10500,165500,85
6888861315578727685,1603938050,shereinabdelhady,Calabria 2007 - Instrumental Mix,6795129103855912961,953,12,28,11400,106300,1700000,351
6862902927007173894,1597894115,itzjakkob,Calabria 2007 - Instrumental Mix,6795129103855912961,941,3,8,19500,66300,490500,27
6862553267415698694,1597812707,ptx_wyatt,Calabria 2007 - Instrumental Mix,6795129103855912961,939,3,14,4286,29900,529500,314
6816340377419762949,1587052919,loganthebigjoke,Calabria 2007 - Instrumental Mix,6795129103855912961,933,17,11,4905,122700,4500000,319
6817181675160669445,1587248799,coloradowiccan,Calabria 2007 - Instrumental Mix,6795129103855912961,891,55,9,3309,997,14400,32
6889039264856804613,1603979547,alexthegreat244,Calabria 2007 - Instrumental Mix,6795129103855912961,881,3,18,6122,74700,6500000,1191
6891675679633460485,1604593343,onegreatvegan,Calabria 2007 - Instrumental Mix,6795129103855912961,887,0,41,5032,139300,2400000,392
6891774687483858182,1604616371,tabwesley,Calabria 2007 - Instrumental Mix,6795129103855912961,872,91,45,15000,117100,764800,359
6891816430241729798,1604626089,adrianbrambila,Calabria 2007 - Instrumental Mix,6795129103855912961,885,9,32,16600,365400,5600000,1229
6821534485717339398,1588262267,stingercbj,Calabria 2007 - Instrumental Mix,6795129103855912961,868,12,45,5368,4578,8834,17
6811922811838369029,1586024375,_alexdante,Calabria 2007 - Instrumental Mix,6795129103855912961,855,14,9,4714,69300,2100000,223
6891414565716856069,1604532524,mirandalove808,Calabria 2007 - Instrumental Mix,6795129103855912961,851,5,1,17500,323,932,3
6888821501085207814,1603928779,boy_with_rope,Calabria 2007 - Instrumental Mix,6795129103855912961,851,4,21,4679,222700,2600000,83
6821646460375862533,1588288337,miss.aprilrose,Calabria 2007 - Instrumental Mix,6795129103855912961,848,4,4,4478,88200,1300000,565
6862586136821370117,1597820361,john_simms_,Calabria 2007 - Instrumental Mix,6795129103855912961,844,1,10,2903,9112,363400,906
6829547260418788614,1590127887,alexkittinger,Calabria 2007 - Instrumental Mix,6795129103855912961,842,7,5,8844,122400,13000000,824
6826805173285833989,1589489443,israhabadawi1,Calabria 2007 - Instrumental Mix,6795129103855912961,836,16,28,31400,48600,410600,91
6819768375670082822,1587851062,maralizc,Calabria 2007 - Instrumental Mix,6795129103855912961,831,1,11,7096,45400,1200000,282
6870315289985240325,1599619943,bigbaddab,Calabria 2007 - Instrumental Mix,6795129103855912961,830,3,33,4758,103600,1800000,337
6815290065791601926,1586808374,emmagine_being_me,Calabria 2007 - Instrumental Mix,6795129103855912961,823,50,20,23000,47,1417,11
6893115452051000581,1604928652,astrid.x0,Calabria 2007 - Instrumental Mix,6795129103855912961,815,0,43,2693,129700,4100000,1120
6892023834996788486,1604674439,dracos_bae0,Calabria 2007 - Instrumental Mix,6795129103855912961,811,2,12,3504,4642,101200,55
6890550058052242690,1604331207,doc.wishloff,Calabria 2007 - Instrumental Mix,6795129103855912961,810,129,9,12500,6430,16700,27
6861764072606665989,1597628953,neon_gray_seme,Calabria 2007 - Instrumental Mix,6795129103855912961,805,5,11,2698,57500,833200,1038
6815825094011620613,1586932949,rileybaldree,Calabria 2007 - Instrumental Mix,6795129103855912961,796,28,13,68300,4916,311000,106
6816414379878272262,1587070149,gigieldredgeeeee,Calabria 2007 - Instrumental Mix,6795129103855912961,795,2,5,4981,33500,321900,156
6890815458455457030,1604393304,xi.kimberly,Calabria 2007 - Instrumental Mix,6795129103855912961,787,0,17,2879,26400,636300,59
6892934492898528518,1604886405,braniff.international,Calabria 2007 - Instrumental Mix,6795129103855912961,784,3,15,9378,2647,160800,219
6848680326571511046,1594582650,thatkiddq123,Calabria 2007 - Instrumental Mix,6795129103855912961,781,2,20,4733,19700,939200,416
6841249279726734598,1592852475,jopinillaa,Calabria 2007 - Instrumental Mix,6795129103855912961,774,0,6,5212,215300,2900000,648
6860958854306450693,1597441472,onlytreyy,Calabria 2007 - Instrumental Mix,6795129103855912961,773,8,15,4720,362500,11500000,1022
6834597416935722245,1591303718,raiin0906,Calabria 2007 - Instrumental Mix,6795129103855912961,769,5,21,10200,61300,370400,170
6892762956883414277,1604846527,lollipopamazingmicropom,Calabria 2007 - Instrumental Mix,6795129103855912961,767,2,9,15700,14200,83400,24
6892498586123259142,1604784919,ccinnyc,Calabria 2007 - Instrumental Mix,6795129103855912961,767,23,12,3469,86,5045,24
6874336369506864390,1600556173,gael_fc,Calabria 2007 - Instrumental Mix,6795129103855912961,766,10,20,21100,7376,378100,369
6862167286908783877,1597722836,flowpez,Calabria 2007 - Instrumental Mix,6795129103855912961,759,4,9,2612,13500,316400,243
6814977335071100165,1586735562,franniee.b,Calabria 2007 - Instrumental Mix,6795129103855912961,759,9,4,3474,1222,8100,60
6862145186139622662,1597717689,757_thatkid,Calabria 2007 - Instrumental Mix,6795129103855912961,757,2,41,3121,21700,1600000,2726
6812627780069641478,1586188512,haleyychilderss,Calabria 2007 - Instrumental Mix,6795129103855912961,755,4,9,7003,72400,2000000,382
6811215272930741509,1585859638,davidcarr1577,Calabria 2007 - Instrumental Mix,6795129103855912961,755,11,7,14300,30800,415200,98
6891414620137983237,1604532537,srpaleta,Calabria 2007 - Instrumental Mix,6795129103855912961,748,0,24,3278,81200,1200000,450
6812316198886313221,1586115967,samanthareyy,Calabria 2007 - Instrumental Mix,6795129103855912961,745,5,10,6622,68500,3700000,132
6891117073095822598,1604463267,nora.villalobos,Calabria 2007 - Instrumental Mix,6795129103855912961,739,4,12,15700,159000,758700,231
6810855763330829573,1585775932,newbuild_newlyweds,Calabria 2007 - Instrumental Mix,6795129103855912961,733,27,8,55200,125600,1500000,121
6868291857449782534,1599148821,jacobbwwolfe13,Calabria 2007 - Instrumental Mix,6795129103855912961,725,0,12,6161,74200,158200,149
6863054130169072902,1597929318,baldballs4life,Calabria 2007 - Instrumental Mix,6795129103855912961,725,13,15,6111,9000,765100,189
6850678909852339462,1595047986,gavin12241,Calabria 2007 - Instrumental Mix,6795129103855912961,723,3,5,3280,26900,408900,1201
6819341635789344005,1587751704,rocketthekittydog,Calabria 2007 - Instrumental Mix,6795129103855912961,719,0,10,1989,701,1400,8
6842053641042398469,1593039756,the.jadedragon,Calabria 2007 - Instrumental Mix,6795129103855912961,711,2,4,3983,1970,9270,9
6817200612531260677,1587253207,christinamelendez,Calabria 2007 - Instrumental Mix,6795129103855912961,711,11,14,38500,61,938,19
6862166896448507141,1597722745,ryansuts,Calabria 2007 - Instrumental Mix,6795129103855912961,707,25,10,6200,4924,96700,5
6812282976563383557,1586108232,blakehealey1,Calabria 2007 - Instrumental Mix,6795129103855912961,704,41,17,13600,171600,1300000,297
6891831267327757574,1604629546,_thejasminator_,Calabria 2007 - Instrumental Mix,6795129103855912961,696,4,24,4091,16100,115100,10
6832759500030659845,1590875794,woman4christ,Calabria 2007 - Instrumental Mix,6795129103855912961,695,1,5,6739,174400,1700000,64
6892874723370306822,1604872493,ajhapenny,Calabria 2007 - Instrumental Mix,6795129103855912961,692,0,2,5406,67400,1800000,1567
6891669878818770182,1604592001,tatatopics,Calabria 2007 - Instrumental Mix,6795129103855912961,691,5,12,6579,30500,385500,64
6862224281305140485,1597736109,imthatrandomkidd,Calabria 2007 - Instrumental Mix,6795129103855912961,690,7,14,5464,18000,168200,57
6869759169499565317,1599490460,dragon_daedae,Calabria 2007 - Instrumental Mix,6795129103855912961,683,1,6,20000,203500,6100000,7237
6862813257825127686,1597873234,._silkysm,Calabria 2007 - Instrumental Mix,6795129103855912961,682,3,25,7605,51400,2300000,301
6831760809455029509,1590643272,jordannaw,Calabria 2007 - Instrumental Mix,6795129103855912961,682,3,8,4936,110500,1900000,1243
6810109548632788229,1585602192,beaumcg,Calabria 2007 - Instrumental Mix,6795129103855912961,681,9,6,5846,30600,461600,8
6892889488360574213,1604875928,pokeswerv,Calabria 2007 - Instrumental Mix,6795129103855912961,675,3,92,6397,14400,138800,103
6848662854971739398,1594578583,bwyton,Calabria 2007 - Instrumental Mix,6795129103855912961,672,3,16,3899,64700,1900000,616
6839009926124293382,1592331089,panda_hamster,Calabria 2007 - Instrumental Mix,6795129103855912961,671,0,56,3619,25100,327500,123
6891447032620289285,1604540080,hollygedwards,Calabria 2007 - Instrumental Mix,6795129103855912961,670,6,6,4865,30200,411900,190
6892138974735797509,1604701191,memoriesbymeyers,Calabria 2007 - Instrumental Mix,6795129103855912961,663,4,11,10800,84700,950600,72
6827900027130760453,1589744360,arianahzayas,Calabria 2007 - Instrumental Mix,6795129103855912961,661,2,4,4178,72700,2900000,346
6888337547454352646,1603816116,thenickdrivas,Calabria 2007 - Instrumental Mix,6795129103855912961,651,2,21,10000,463100,6700000,1911
6889978061190712582,1604198061,itz.perkzy,Calabria 2007 - Instrumental Mix,6795129103855912961,649,0,26,3883,14600,232600,552
6888834350654246149,1603931768,fruitsaladfeels,Calabria 2007 - Instrumental Mix,6795129103855912961,646,9,8,4936,2107,65200,86
6815386479615921414,1586830824,abiiperl,Calabria 2007 - Instrumental Mix,6795129103855912961,642,4,13,11700,254700,1900000,302
6862376949872905478,1597771647,pauulxd,Calabria 2007 - Instrumental Mix,6795129103855912961,643,3,23,3304,29200,1000000,96
6893128796824751365,1604931723,half_and_bad_ass,Calabria 2007 - Instrumental Mix,6795129103855912961,640,0,18,2027,90900,1800000,201
6822797059637153029,1588556234,itsjustbellaaa,Calabria 2007 - Instrumental Mix,6795129103855912961,636,1,6,4594,468,1642,4
6817815784497138949,1587396439,racholaa23,Calabria 2007 - Instrumental Mix,6795129103855912961,629,14,26,12700,86,974,19
6869544284379565317,1599440425,playboijdub,Calabria 2007 - Instrumental Mix,6795129103855912961,629,0,4,4577,35100,476500,115
6810964853767867653,1585801335,fenner810,Calabria 2007 - Instrumental Mix,6795129103855912961,627,5,11,5680,36800,1200000,89
6891487002986941701,1604549402,amandacharmedwaxandskin,Calabria 2007 - Instrumental Mix,6795129103855912961,624,1,7,7497,16100,506100,65
6892111074989018373,1604694699,sweetlicia3,Calabria 2007 - Instrumental Mix,6795129103855912961,619,12,13,50000,1221,63100,14
6887597282758233349,1603643747,casadeclay,Calabria 2007 - Instrumental Mix,6795129103855912961,619,1,4,5335,40600,2400000,256
6862147355140050181,1597718195,tryenasty,Calabria 2007 - Instrumental Mix,6795129103855912961,616,0,10,1395,5777,61700,186
6810490689130876165,1585690933,emaleerw,Calabria 2007 - Instrumental Mix,6795129103855912961,616,26,12,5814,19500,288900,325
6853871089295101190,1595791219,hullucidtrash,Calabria 2007 - Instrumental Mix,6795129103855912961,606,2,11,2881,15100,342900,323
6891281428487720197,1604501577,alexa.decorates.treats,Calabria 2007 - Instrumental Mix,6795129103855912961,603,3,8,6718,72000,2500000,299
6848548589874973958,1594551980,ixcymoon,Calabria 2007 - Instrumental Mix,6795129103855912961,600,5,76,3897,16600,631000,253
6891850604042325254,1604634054,vibingwithuzi,Calabria 2007 - Instrumental Mix,6795129103855912961,599,1,7,4915,15500,141200,16
6822710562208746757,1588536092,madz.small,Calabria 2007 - Instrumental Mix,6795129103855912961,595,29,7,9483,4905,13400,25
6888793704153255174,1603922294,looseylunchesnyc,Calabria 2007 - Instrumental Mix,6795129103855912961,595,16,41,14000,132700,3300000,357
6892817942577286406,1604859280,elgeravargas,Calabria 2007 - Instrumental Mix,6795129103855912961,592,67,33,6685,76100,506900,396
6812456973267668229,1586148756,extremelylavish,Calabria 2007 - Instrumental Mix,6795129103855912961,589,80,5,11600,26200,102500,90
6892869306862947590,1604871235,americankennelclub,Calabria 2007 - Instrumental Mix,6795129103855912961,586,5,23,2880,46000,930000,47
6810872300511055110,1585779784,xmorganmaverickx,Calabria 2007 - Instrumental Mix,6795129103855912961,582,8,4,3869,14300,10600,60
6862432505312578822,1597784582,galacticmike,Calabria 2007 - Instrumental Mix,6795129103855912961,580,2,18,3954,24300,1500000,1166
6851399732795854086,1595215814,lexi_avery_,Calabria 2007 - Instrumental Mix,6795129103855912961,579,2,11,2696,13300,873200,1099
6861760880099511557,1597628210,jacobbwwolfe13,Calabria 2007 - Instrumental Mix,6795129103855912961,576,2,11,5838,74200,158200,149
6889861849802624261,1604171003,deotains,Calabria 2007 - Instrumental Mix,6795129103855912961,574,0,2,2472,39200,999800,479
6814185778436967686,1586551267,ash10ramsey,Calabria 2007 - Instrumental Mix,6795129103855912961,571,5,4,18700,79400,917600,235
6865354571263364357,1598464929,jujufish06,Calabria 2007 - Instrumental Mix,6795129103855912961,566,2,9,12800,280,5956,152
6862148506627362054,1597718462,brob_,Calabria 2007 - Instrumental Mix,6795129103855912961,565,11,4,2780,37800,500700,25
6891688033461013766,1604596216,curlsondeck,Calabria 2007 - Instrumental Mix,6795129103855912961,563,1,16,1576,17700,1100000,209
6873301029593697538,1600315112,caysey4ever,Calabria 2007 - Instrumental Mix,6795129103855912961,561,0,2,5422,6053,303700,636
6890277628247313665,1604267778,angelo_para_todos,Calabria 2007 - Instrumental Mix,6795129103855912961,559,3,4,6328,800,69800,85
6891338939525778694,1604514927,gianpaolo_d,Calabria 2007 - Instrumental Mix,6795129103855912961,561,0,4,5772,8707,135300,14
6859803162958761221,1597172390,mikeypinson,Calabria 2007 - Instrumental Mix,6795129103855912961,555,3,5,6970,40600,1100000,107
6869602410831154437,1599453966,theemilyprice,Calabria 2007 - Instrumental Mix,6795129103855912961,551,5,21,5428,21100,354800,319
6862176917898923269,1597725080,itsjustman_,Calabria 2007 - Instrumental Mix,6795129103855912961,548,8,7,4021,27200,303800,230
6862490263126887685,1597798033,davidmorea,Calabria 2007 - Instrumental Mix,6795129103855912961,547,1,16,2935,12100,281600,132
6812735994983402758,1586213709,reagan_kennedy,Calabria 2007 - Instrumental Mix,6795129103855912961,547,24,17,16000,12000,267900,24
6810126951966100741,1585606249,niniigottfanss,Calabria 2007 - Instrumental Mix,6795129103855912961,546,8,7,4080,6389,66400,277
6862157257786821894,1597720501,wrightwayyy,Calabria 2007 - Instrumental Mix,6795129103855912961,542,12,41,3814,78100,4800000,1334
6815664406349827334,1586895532,ktilfeld,Calabria 2007 - Instrumental Mix,6795129103855912961,541,10,19,5623,29500,2600000,25
6860797316941630726,1597403864,jxdxnnhall,Calabria 2007 - Instrumental Mix,6795129103855912961,540,5,23,25900,140,3243,19
6839880168740277510,1592533706,gracie0fc,Calabria 2007 - Instrumental Mix,6795129103855912961,540,1,1,15900,207900,5300000,218
6870983671940173061,1599775562,oofa.doofa,Calabria 2007 - Instrumental Mix,6795129103855912961,533,0,8,3194,130700,7600000,235
6889471786556181762,1604080152,shawtyherbs,Calabria 2007 - Instrumental Mix,6795129103855912961,528,21,100,5206,3442,29100,84
6869984919406398725,1599543029,jessiediane,Calabria 2007 - Instrumental Mix,6795129103855912961,526,11,9,10700,31500,2000000,379
6850592221838822661,1595027799,flipformegymnastics,Calabria 2007 - Instrumental Mix,6795129103855912961,526,0,7,1761,7464,77200,33
6892446859554475269,1604772873,jessy_kitty899,Calabria 2007 - Instrumental Mix,6795129103855912961,525,1,18,1820,41800,1200000,834
6888875996796226822,1603941475,angelicuuuuuuuuuuh,Calabria 2007 - Instrumental Mix,6795129103855912961,524,4,12,1566,424,43600,37
6863248788077759750,1597974641,bryan.rpz,Calabria 2007 - Instrumental Mix,6795129103855912961,521,5,19,1509,20100,1700000,451
6811284836167290117,1585875834,belladebole,Calabria 2007 - Instrumental Mix,6795129103855912961,517,11,7,4413,11100,668200,170
6814683240905886981,1586667087,damian.hosokawa,Calabria 2007 - Instrumental Mix,6795129103855912961,515,2,6,4317,26400,277100,97
6861208854315666693,1597499681,the_quiet_sailor,Calabria 2007 - Instrumental Mix,6795129103855912961,514,12,7,8220,42000,682700,1188
6891304558430014725,1604506935,lburi,Calabria 2007 - Instrumental Mix,6795129103855912961,509,4,37,3736,25500,959700,658
6817927783742835974,1587422517,msminifeet17,Calabria 2007 - Instrumental Mix,6795129103855912961,507,1,9,6316,7064,63600,75
6888162073876892934,1603775289,theandefloyd,Calabria 2007 - Instrumental Mix,6795129103855912961,506,0,6,15000,37700,750200,354
6892005793793592582,1604670261,hungryoc,Calabria 2007 - Instrumental Mix,6795129103855912961,505,4,10,4981,279700,6000000,517
6891420782124141830,1604533968,russianhack3r,Calabria 2007 - Instrumental Mix,6795129103855912961,507,0,5,2584,37300,1900000,546
6891390962191437061,1604527028,sadvirgohours,Calabria 2007 - Instrumental Mix,6795129103855912961,504,0,46,8922,104400,4600000,147
6891730395398819077,1604606070,thepoliticalbuckethat,Calabria 2007 - Instrumental Mix,6795129103855912961,502,0,31,2588,47200,1300000,34
6891711292915059974,1604601627,salty_table,Calabria 2007 - Instrumental Mix,6795129103855912961,502,1,17,2621,89600,2400000,60
6888900801033555205,1603947286,ianb2,Calabria 2007 - Instrumental Mix,6795129103855912961,501,3,7,3289,51400,750900,188
6864607077415865605,1598290890,daviddorante,Calabria 2007 - Instrumental Mix,6795129103855912961,500,4,20,3068,33700,1000000,339
6892078633532345605,1604687150,aggiewranglers,Calabria 2007 - Instrumental Mix,6795129103855912961,499,6,15,3075,13400,137400,21
6892614565142514950,1604811929,jeremypettis1,Calabria 2007 - Instrumental Mix,6795129103855912961,497,0,17,1897,24200,193900,51
6863526040736697606,1598039191,ybkobii,Calabria 2007 - Instrumental Mix,6795129103855912961,497,0,15,5864,116700,5300000,412
6892968431365197062,1604894318,fitnesshiigh,Calabria 2007 - Instrumental Mix,6795129103855912961,522,6,5,3785,20800,260400,26
6863155348572818694,1597952882,tyler_forristall,Calabria 2007 - Instrumental Mix,6795129103855912961,494,1,11,3061,17100,320500,195
6862481700920806662,1597796038,jonathancall0,Calabria 2007 - Instrumental Mix,6795129103855912961,490,0,15,2409,11100,160700,1371
6819410592873352453,1587767760,pickle_liv,Calabria 2007 - Instrumental Mix,6795129103855912961,489,0,14,4355,1647,13800,68
6821991767093562630,1588368736,jamalexis,Calabria 2007 - Instrumental Mix,6795129103855912961,488,15,14,16200,8458,184900,219
6888829729558793477,1603930695,elgallo819,Calabria 2007 - Instrumental Mix,6795129103855912961,487,13,3,9299,439200,2800000,579
6891371565078809857,1604522479,brittnaaay,Calabria 2007 - Instrumental Mix,6795129103855912961,486,2,84,5638,102200,938700,396
6862971049076739334,1597909980,thisismyuniqueusername,Calabria 2007 - Instrumental Mix,6795129103855912961,484,2,33,2958,2632,46700,268
6892192881960897797,1604713735,random__guy1,Calabria 2007 - Instrumental Mix,6795129103855912961,481,0,12,3303,29900,4300000,314
6862609459986894086,1597825790,chumeeks,Calabria 2007 - Instrumental Mix,6795129103855912961,475,17,12,5153,81600,8900000,440
6845985306349522182,1593955169,irishdancingmagazine,Calabria 2007 - Instrumental Mix,6795129103855912961,473,6,6,2529,1624,18100,81
6892785404416740614,1604851715,memezalldayy,Calabria 2007 - Instrumental Mix,6795129103855912961,472,1,0,1955,80,14600,38
6811144357425581317,1585843132,lyzespada,Calabria 2007 - Instrumental Mix,6795129103855912961,472,50,14,4678,1085,15000,215
6885821590182055174,1603230296,realminecraftcat,Calabria 2007 - Instrumental Mix,6795129103855912961,471,19,19,3751,10500,178200,134
6891778811478691077,1604617335,memoriesbymeyers,Calabria 2007 - Instrumental Mix,6795129103855912961,469,1,103,11300,84700,950600,72
6854002746887113990,1595821876,mubeen.momodu,Calabria 2007 - Instrumental Mix,6795129103855912961,468,21,10,4441,122200,6700000,436
6861231944366066950,1597505055,cam.official._,Calabria 2007 - Instrumental Mix,6795129103855912961,460,1,10,3131,202900,1900000,727
6867758679907732742,1599024846,notmrpicatchoo,Calabria 2007 - Instrumental Mix,6795129103855912961,458,15,17,1572,14200,60200,54
6812215567311817989,1586092538,liltee.md,Calabria 2007 - Instrumental Mix,6795129103855912961,458,25,6,13200,42300,726600,116
6864438921665744134,1598251747,jon_bear_,Calabria 2007 - Instrumental Mix,6795129103855912961,457,1,5,4288,55000,938900,515
6892818714266291461,1604859459,emerald_outlaw,Calabria 2007 - Instrumental Mix,6795129103855912961,453,1,5,7032,562200,6500000,668
6891982991917190402,1604664838,grillhunters,Calabria 2007 - Instrumental Mix,6795129103855912961,455,5,5,11600,56700,279000,162
6891337890849099013,1604514683,the.rising.star,Calabria 2007 - Instrumental Mix,6795129103855912961,453,0,12,2024,97800,1400000,348
6889708130767228166,1604135472,josianelessard,Calabria 2007 - Instrumental Mix,6795129103855912961,453,2,14,3170,154600,2000000,1240
6893168984221420802,1604940973,jyohannahventi,Calabria 2007 - Instrumental Mix,6795129103855912961,452,4,3,2549,19900,895400,549
6813462534360780037,1586382869,bestofshaneise,Calabria 2007 - Instrumental Mix,6795129103855912961,447,6,8,6073,11100,274600,74
6891657529420729602,1604589060,amongusartwork,Calabria 2007 - Instrumental Mix,6795129103855912961,446,7,138,2592,17700,135300,202
6891761719622896901,1604613357,richhomie.spams,Calabria 2007 - Instrumental Mix,6795129103855912961,444,1,27,1803,41800,278200,142
6892858891542007045,1604868807,andromeda_gaming,Calabria 2007 - Instrumental Mix,6795129103855912961,444,5,10,1544,60100,973900,485
6814644316737211653,1586658025,patty_kurry,Calabria 2007 - Instrumental Mix,6795129103855912961,442,9,10,10500,42800,589700,136
6892235231756045573,1604723603,hungryoc,Calabria 2007 - Instrumental Mix,6795129103855912961,450,2,24,5432,279700,6000000,517
6891042855977045253,1604445979,rfoglearts,Calabria 2007 - Instrumental Mix,6795129103855912961,436,0,55,3289,35500,27700,154
6867922397580856581,1599062805,jainaplays,Calabria 2007 - Instrumental Mix,6795129103855912961,435,0,64,2009,13700,266200,474
6812028035416542469,1586048875,lilbruzii,Calabria 2007 - Instrumental Mix,6795129103855912961,432,38,19,16000,3627,193700,69
6890542070088469762,1604329347,aoa_me,Calabria 2007 - Instrumental Mix,6795129103855912961,429,1,2,2922,92900,18600000,7749
6870153742373620997,1599582324,imybnnahmir69,Calabria 2007 - Instrumental Mix,6795129103855912961,429,1,11,2351,7353,86100,147
6891889557923499269,1604643175,retrogradedanny,Calabria 2007 - Instrumental Mix,6795129103855912961,427,2,30,2014,12300,120400,58
6887781078640250114,1603686505,cannabis_queenn94,Calabria 2007 - Instrumental Mix,6795129103855912961,427,0,11,18200,2329,54700,1151
6810802954749218053,1585763637,pennstatewrugby,Calabria 2007 - Instrumental Mix,6795129103855912961,427,14,3,2811,4424,100700,17
6888792898599554306,1603922087,karinechampagne,Calabria 2007 - Instrumental Mix,6795129103855912961,424,2,1,3310,55100,583300,70
6850396592881683717,1594982251,abbyhaim,Calabria 2007 - Instrumental Mix,6795129103855912961,418,7,112,2148,1980,139100,1782
6812044937186610438,1586052810,kathleen.post,Calabria 2007 - Instrumental Mix,6795129103855912961,418,43,8,5477,5158,52700,45
6885083766398749957,1603058528,newpigontheblock,Calabria 2007 - Instrumental Mix,6795129103855912961,416,7,27,1664,21200,139700,60
6811612460685085957,1585952115,claire_owens5,Calabria 2007 - Instrumental Mix,6795129103855912961,413,31,3,7993,7023,92600,56
6813940410080054534,1586494136,ahalla77,Calabria 2007 - Instrumental Mix,6795129103855912961,410,19,3,8085,10100,180600,28
